,Date,adj close,close,high,low,open,repaired?,volume
2420,2019-08-20,1505,1505,1506,1498,1498,False,486
2421,2019-08-21,1505,1505,1505,1499,1505,False,350
2422,2019-08-22,1497,1497,1497,1494,1495,False,686
2423,2019-08-23,1527,1527,1528,1494,1494,False,983
2424,2019-08-26,1526,1526,1543,1524,1543,False,334
2425,2019-08-27,1541,1541,1542,1528,1530,False,166
2426,2019-08-28,1538,1538,1538,1538,1538,False,2756
2427,2019-08-29,1526,1526,1549,1520,1538,False,704
2428,2019-08-30,1519,1519,1530,1517,1525,False,276
2429,2019-09-03,1546,1546,1547,1521,1523,False,139
2430,2019-09-04,1550,1550,1553,1535,1549,False,46
2431,2019-09-05,1515,1515,1551,1511,1551,False,125
2432,2019-09-06,1506,1506,1526,1504,1517,False,54
2433,2019-09-09,1502,1502,1513,1498,1509,False,69
2434,2019-09-10,1490,1490,1498,1487,1498,False,23
2435,2019-09-11,1494,1494,1497,1490,1492,False,8
2436,2019-09-12,1499,1499,1515,1499,1500,False,27
2437,2019-09-13,1491,1491,1491,1487,1491,False,1
2438,2019-09-16,1503,1503,1507,1497,1507,False,21
2439,2019-09-17,1505,1505,1505,1498,1498,False,3
2440,2019-09-18,1508,1508,1509,1489,1509,False,8
2441,2019-09-19,1498,1498,1502,1496,1496,False,10
2442,2019-09-20,1507,1507,1507,1503,1503,False,2
2443,2019-09-23,1524,1524,1524,1516,1516,False,5
2444,2019-09-24,1532,1532,1533,1515,1515,False,25
2445,2019-09-25,1505,1505,1528,1505,1528,False,25
2446,2019-09-26,1508,1508,1508,1508,1508,False,8178
2447,2019-09-27,1499,1499,1506,1486,1504,False,7827
2448,2019-09-30,1466,1466,1496,1464,1496,False,1078
2449,2019-10-01,1482,1482,1486,1458,1469,False,219
2450,2019-10-02,1501,1501,1504,1474,1477,False,205
2451,2019-10-03,1507,1507,1518,1497,1497,False,1213
2452,2019-10-04,1506,1506,1509,1497,1506,False,233
2453,2019-10-07,1498,1498,1506,1489,1505,False,121
2454,2019-10-08,1497,1497,1506,1489,1489,False,46
2455,2019-10-09,1506,1506,1508,1498,1508,False,120
2456,2019-10-10,1495,1495,1511,1491,1511,False,78
2457,2019-10-11,1483,1483,1495,1477,1492,False,57
2458,2019-10-14,1492,1492,1494,1481,1484,False,400
2459,2019-10-15,1478,1478,1495,1477,1489,False,367
2460,2019-10-16,1488,1488,1488,1480,1482,False,383
2461,2019-10-17,1492,1492,1493,1486,1486,False,271
2462,2019-10-18,1488,1488,1489,1487,1487,False,82
2463,2019-10-21,1482,1482,1490,1482,1490,False,72
2464,2019-10-22,1482,1482,1484,1482,1483,False,99
2465,2019-10-23,1490,1490,1490,1486,1486,False,67
2466,2019-10-24,1499,1499,1501,1486,1490,False,115
2467,2019-10-25,1500,1500,1514,1499,1501,False,93
2468,2019-10-28,1490,1490,1504,1490,1504,False,37
2469,2019-10-29,1487,1487,1487,1486,1486,False,425
2470,2019-10-30,1493,1493,1495,1481,1487,False,320
2471,2019-10-31,1511,1511,1513,1496,1496,False,210
2472,2019-11-01,1508,1508,1512,1503,1511,False,235
2473,2019-11-04,1508,1508,1512,1508,1512,False,101
2474,2019-11-05,1481,1481,1507,1481,1507,False,31
2475,2019-11-06,1490,1490,1491,1483,1483,False,567
2476,2019-11-07,1464,1464,1489,1464,1489,False,581
2477,2019-11-08,1461,1461,1469,1461,1469,False,21
2478,2019-11-11,1456,1456,1461,1449,1461,False,22
2479,2019-11-12,1452,1452,1455,1447,1455,False,6
2480,2019-11-13,1462,1462,1463,1457,1457,False,56
2481,2019-11-14,1472,1472,1472,1464,1464,False,83
2482,2019-11-15,1467,1467,1469,1467,1469,False,13
2483,2019-11-18,1471,1471,1472,1470,1472,False,141
2484,2019-11-19,1473,1473,1474,1468,1468,False,18
2485,2019-11-20,1473,1473,1474,1467,1473,False,31
2486,2019-11-21,1463,1463,1463,1463,1463,False,16
2487,2019-11-22,1463,1463,1469,1463,1469,False,19
2488,2019-11-25,1457,1457,1457,1456,1457,False,14
2489,2019-11-26,1460,1460,1460,1460,1460,False,346362
2490,2019-11-27,1453,1453,1462,1452,1461,False,88364
2491,2019-11-29,1466,1466,1466,1452,1454,False,7020
2492,2019-12-02,1462,1462,1464,1453,1463,False,2172
2493,2019-12-03,1478,1478,1480,1460,1462,False,1460
2494,2019-12-04,1474,1474,1483,1471,1478,False,613
2495,2019-12-05,1477,1477,1478,1472,1475,False,907
2496,2019-12-06,1459,1459,1476,1458,1475,False,899
2497,2019-12-09,1459,1459,1464,1459,1459,False,1461
2498,2019-12-10,1463,1463,1467,1461,1461,False,367
2499,2019-12-11,1469,1469,1475,1463,1463,False,393
2500,2019-12-12,1467,1467,1484,1464,1475,False,955
2501,2019-12-13,1476,1476,1476,1463,1463,False,468
2502,2019-12-16,1475,1475,1475,1474,1474,False,99
2503,2019-12-17,1475,1475,1477,1474,1474,False,410
2504,2019-12-18,1473,1473,1473,1473,1473,False,250
2505,2019-12-19,1478,1478,1479,1473,1476,False,319
2506,2019-12-20,1475,1475,1478,1475,1477,False,118
2507,2019-12-23,1482,1482,1482,1480,1482,False,391
2508,2019-12-24,1499,1499,1499,1489,1489,False,52
2509,2019-12-26,1509,1509,1512,1505,1505,False,126
2510,2019-12-27,1514,1514,1514,1514,1514,False,839
2511,2019-12-30,1514,1514,1515,1510,1513,False,446
2512,2019-12-31,1520,1520,1523,1514,1514,False,301
2513,2020-01-02,1524,1524,1529,1518,1518,False,214
2514,2020-01-03,1549,1549,1553,1530,1530,False,107
2515,2020-01-06,1566,1566,1580,1560,1580,False,416
2516,2020-01-07,1572,1572,1576,1558,1558,False,47
2517,2020-01-08,1557,1557,1604,1552,1580,False,236
2518,2020-01-09,1552,1552,1556,1543,1556,False,54
2519,2020-01-10,1558,1558,1559,1545,1551,False,16
2520,2020-01-13,1548,1548,1558,1548,1557,False,48
2521,2020-01-14,1542,1542,1547,1535,1547,False,32
2522,2020-01-15,1552,1552,1554,1546,1548,False,11
2523,2020-01-16,1549,1549,1556,1548,1556,False,98
2524,2020-01-17,1559,1559,1559,1554,1554,False,108
2525,2020-01-21,1556,1556,1566,1551,1559,False,45
2526,2020-01-22,1555,1555,1557,1550,1550,False,42
2527,2020-01-23,1565,1565,1565,1552,1553,False,15
2528,2020-01-24,1571,1571,1571,1556,1556,False,43
2529,2020-01-27,1577,1577,1584,1577,1584,False,22
2530,2020-01-28,1569,1569,1576,1569,1576,False,3
2531,2020-01-29,1570,1570,1570,1570,1570,False,251274
2532,2020-01-30,1584,1584,1585,1571,1577,False,62336
2533,2020-01-31,1583,1583,1589,1570,1573,False,1095
2534,2020-02-03,1577,1577,1593,1568,1593,False,1062
2535,2020-02-04,1550,1550,1578,1548,1578,False,978
2536,2020-02-05,1558,1558,1561,1548,1553,False,1305
2537,2020-02-06,1565,1565,1566,1552,1554,False,110
2538,2020-02-07,1569,1569,1572,1560,1565,False,431
2539,2020-02-10,1575,1575,1575,1569,1569,False,128
2540,2020-02-11,1566,1566,1571,1562,1571,False,440
2541,2020-02-12,1567,1567,1569,1561,1565,False,36
2542,2020-02-13,1575,1575,1575,1570,1570,False,74
2543,2020-02-14,1583,1583,1583,1575,1576,False,68
2544,2020-02-18,1600,1600,1604,1580,1580,False,310
2545,2020-02-19,1608,1608,1610,1600,1601,False,542
2546,2020-02-20,1617,1617,1621,1603,1606,False,117
2547,2020-02-21,1645,1645,1645,1619,1619,False,186
2548,2020-02-24,1672,1672,1687,1650,1657,False,435
2549,2020-02-25,1647,1647,1654,1632,1645,False,409
2550,2020-02-26,1640,1640,1648,1636,1644,False,1990
2551,2020-02-27,1640,1640,1658,1638,1641,False,707
2552,2020-02-28,1564,1564,1642,1564,1640,False,289
2553,2020-03-02,1592,1592,1608,1574,1584,False,537
2554,2020-03-03,1642,1642,1645,1594,1594,False,610
2555,2020-03-04,1641,1641,1646,1631,1645,False,83
2556,2020-03-05,1666,1666,1673,1637,1637,False,154
2557,2020-03-06,1671,1671,1686,1647,1671,False,175
2558,2020-03-09,1674,1674,1702,1658,1696,False,161
2559,2020-03-10,1659,1659,1675,1643,1672,False,48
2560,2020-03-11,1641,1641,1666,1635,1657,False,47
2561,2020-03-12,1589,1589,1648,1566,1637,False,256
2562,2020-03-13,1516,1516,1590,1514,1575,False,89
2563,2020-03-16,1486,1486,1569,1452,1569,False,193
2564,2020-03-17,1525,1525,1538,1469,1469,False,122
2565,2020-03-18,1477,1477,1542,1477,1538,False,333
2566,2020-03-19,1479,1479,1492,1471,1482,False,262
2567,2020-03-20,1484,1484,1484,1484,1484,False,14
2568,2020-03-23,1567,1567,1567,1490,1505,False,51
2569,2020-03-24,1660,1660,1686,1593,1593,False,442
2570,2020-03-25,1632,1632,1676,1631,1676,False,476
2571,2020-03-26,1650,1650,1660,1650,1660,False,3
2572,2020-03-27,1624,1624,1624,1624,1624,False,100638
2573,2020-03-30,1622,1622,1653,1607,1641,False,16389
2574,2020-03-31,1583,1583,1621,1576,1619,False,2874
2575,2020-04-01,1578,1578,1600,1570,1570,False,2158
2576,2020-04-02,1626,1626,1631,1586,1591,False,1294
2577,2020-04-03,1634,1634,1636,1620,1624,False,643
2578,2020-04-06,1677,1677,1697,1626,1629,False,1063
2579,2020-04-07,1665,1665,1724,1658,1696,False,1144
2580,2020-04-08,1665,1665,1677,1662,1670,False,747
2581,2020-04-09,1736,1736,1736,1663,1663,False,825
2582,2020-04-13,1745,1745,1757,1711,1722,False,696
2583,2020-04-14,1757,1757,1775,1740,1757,False,675
2584,2020-04-15,1727,1727,1745,1723,1739,False,642
2585,2020-04-16,1720,1720,1751,1715,1731,False,162
2586,2020-04-17,1689,1689,1725,1685,1716,False,223
2587,2020-04-20,1702,1702,1702,1680,1686,False,106
2588,2020-04-21,1678,1678,1707,1660,1697,False,666
2589,2020-04-22,1729,1729,1729,1685,1696,False,453
2590,2020-04-23,1733,1733,1745,1733,1734,False,482
2591,2020-04-24,1724,1724,1744,1714,1744,False,221
2592,2020-04-27,1712,1712,1732,1712,1732,False,169
2593,2020-04-28,1710,1710,1717,1707,1717,False,1255
2594,2020-04-29,1703,1703,1714,1702,1710,False,373
2595,2020-04-30,1684,1684,1719,1681,1719,False,327
2596,2020-05-01,1694,1694,1702,1670,1687,False,337
2597,2020-05-04,1707,1707,1709,1700,1703,False,320
2598,2020-05-05,1704,1704,1704,1697,1702,False,82
2599,2020-05-06,1684,1684,1704,1684,1704,False,469
2600,2020-05-07,1722,1722,1722,1686,1686,False,853
2601,2020-05-08,1710,1710,1729,1704,1726,False,330
2602,2020-05-11,1695,1695,1704,1690,1702,False,749
2603,2020-05-12,1704,1704,1713,1699,1699,False,324
2604,2020-05-13,1714,1714,1721,1702,1702,False,431
2605,2020-05-14,1738,1738,1743,1720,1724,False,672
2606,2020-05-15,1753,1753,1753,1740,1740,False,719
2607,2020-05-18,1732,1732,1770,1732,1756,False,229
2608,2020-05-19,1744,1744,1750,1744,1744,False,167
2609,2020-05-20,1751,1751,1752,1746,1752,False,16
2610,2020-05-21,1720,1720,1747,1720,1747,False,528
2611,2020-05-22,1735,1735,1735,1727,1727,False,6
2612,2020-05-26,1705,1705,1726,1705,1726,False,39
2613,2020-05-27,1710,1710,1710,1686,1686,False,137416
2614,2020-05-28,1713,1713,1728,1705,1709,False,23355
2615,2020-05-29,1737,1737,1738,1715,1719,False,1526
2616,2020-06-01,1738,1738,1747,1727,1740,False,871
2617,2020-06-02,1725,1725,1746,1722,1743,False,741
2618,2020-06-03,1698,1698,1726,1684,1726,False,2755
2619,2020-06-04,1719,1719,1719,1694,1694,False,807
2620,2020-06-05,1676,1676,1712,1669,1712,False,1502
2621,2020-06-08,1698,1698,1699,1676,1679,False,587
2622,2020-06-09,1715,1715,1721,1692,1695,False,690
2623,2020-06-10,1713,1713,1741,1712,1716,False,718
2624,2020-06-11,1732,1732,1744,1720,1737,False,347
2625,2020-06-12,1729,1729,1743,1725,1725,False,318
2626,2020-06-15,1720,1720,1730,1703,1730,False,188
2627,2020-06-16,1730,1730,1730,1722,1726,False,22
2628,2020-06-17,1729,1729,1729,1715,1715,False,51
2629,2020-06-18,1725,1725,1734,1717,1730,False,110
2630,2020-06-19,1746,1746,1751,1724,1724,False,1329
2631,2020-06-22,1757,1757,1768,1750,1755,False,1356
2632,2020-06-23,1772,1772,1776,1754,1755,False,666
2633,2020-06-24,1766,1766,1783,1764,1778,False,961
2634,2020-06-25,1762,1762,1765,1760,1762,False,207
2635,2020-06-26,1772,1772,1772,1765,1766,False,640
2636,2020-06-29,1775,1775,1780,1774,1780,False,584
2637,2020-06-30,1793,1793,1793,1774,1777,False,986
2638,2020-07-01,1773,1773,1798,1766,1794,False,331
2639,2020-07-02,1784,1784,1784,1769,1773,False,215
2640,2020-07-06,1788,1788,1790,1788,1788,False,172
2641,2020-07-07,1804,1804,1804,1783,1789,False,751
2642,2020-07-08,1816,1816,1818,1802,1802,False,209
2643,2020-07-09,1799,1799,1820,1799,1816,False,396
2644,2020-07-10,1798,1798,1806,1798,1806,False,236
2645,2020-07-13,1811,1811,1811,1805,1805,False,164
2646,2020-07-14,1811,1811,1812,1791,1791,False,339
2647,2020-07-15,1811,1811,1814,1806,1806,False,167
2648,2020-07-16,1799,1799,1811,1794,1811,False,146
2649,2020-07-17,1808,1808,1810,1798,1798,False,24
2650,2020-07-20,1816,1816,1817,1807,1807,False,89
2651,2020-07-21,1842,1842,1842,1822,1822,False,117
2652,2020-07-22,1864,1864,1867,1855,1858,False,213
2653,2020-07-23,1889,1889,1890,1868,1869,False,133
2654,2020-07-24,1897,1897,1897,1884,1884,False,474
2655,2020-07-27,1931,1931,1938,1902,1902,False,364
2656,2020-07-28,1945,1945,1945,1929,1932,False,825
2657,2020-07-29,1954,1954,1954,1953,1953,False,209835
2658,2020-07-30,1942,1942,1965,1930,1963,False,28853
2659,2020-07-31,1963,1963,1981,1948,1949,False,2914
2660,2020-08-03,1966,1966,1984,1956,1984,False,683
2661,2020-08-04,2001,2001,2016,1969,1971,False,2010
2662,2020-08-05,2031,2031,2050,2011,2024,False,1422
2663,2020-08-06,2052,2052,2063,2040,2046,False,294
2664,2020-08-07,2010,2010,2055,2010,2040,False,808
2665,2020-08-10,2024,2024,2044,2018,2026,False,233
2666,2020-08-11,1933,1933,2016,1904,2012,False,971
2667,2020-08-12,1935,1935,1947,1872,1923,False,404
2668,2020-08-13,1957,1957,1957,1917,1922,False,71
2669,2020-08-14,1937,1937,1947,1937,1939,False,201
2670,2020-08-17,1985,1985,1985,1950,1950,False,97
2671,2020-08-18,1999,1999,2003,1972,2001,False,92
2672,2020-08-19,1959,1959,1980,1939,1980,False,347
2673,2020-08-20,1934,1934,1948,1922,1941,False,106
2674,2020-08-21,1935,1935,1945,1909,1941,False,184
2675,2020-08-24,1928,1928,1940,1922,1930,False,85
2676,2020-08-25,1912,1912,1928,1912,1928,False,176
2677,2020-08-26,1941,1941,1951,1910,1910,False,287
2678,2020-08-27,1922,1922,1972,1922,1949,False,2303
2679,2020-08-28,1965,1965,1971,1922,1927,False,778
2680,2020-08-31,1968,1968,1971,1953,1970,False,158
2681,2020-09-01,1968,1968,1986,1962,1962,False,186
2682,2020-09-02,1934,1934,1967,1934,1967,False,71
2683,2020-09-03,1928,1928,1939,1923,1937,False,179
2684,2020-09-04,1924,1924,1940,1918,1928,False,607
2685,2020-09-08,1933,1933,1938,1903,1931,False,271
2686,2020-09-09,1945,1945,1946,1925,1927,False,219
2687,2020-09-10,1954,1954,1963,1944,1944,False,722
2688,2020-09-11,1938,1938,1950,1938,1944,False,73
2689,2020-09-14,1953,1953,1953,1943,1946,False,55
2690,2020-09-15,1956,1956,1968,1956,1956,False,74
2691,2020-09-16,1960,1960,1961,1957,1961,False,124
2692,2020-09-17,1940,1940,1946,1934,1939,False,67
2693,2020-09-18,1952,1952,1952,1949,1950,False,38
2694,2020-09-21,1901,1901,1946,1883,1946,False,52
2695,2020-09-22,1899,1899,1913,1899,1913,False,331
2696,2020-09-23,1860,1860,1876,1860,1876,False,5
2697,2020-09-24,1868,1868,1868,1852,1852,False,365
2698,2020-09-25,1858,1858,1858,1856,1856,False,4
2699,2020-09-28,1873,1873,1873,1873,1873,False,10455
2700,2020-09-29,1894,1894,1895,1872,1876,False,3283
2701,2020-09-30,1888,1888,1900,1880,1893,False,600
2702,2020-10-01,1908,1908,1910,1882,1884,False,730
2703,2020-10-02,1900,1900,1913,1894,1894,False,530
2704,2020-10-05,1912,1912,1916,1885,1899,False,1360
2705,2020-10-06,1901,1901,1918,1874,1907,False,968
2706,2020-10-07,1884,1884,1890,1873,1874,False,50
2707,2020-10-08,1889,1889,1893,1883,1893,False,348
2708,2020-10-09,1920,1920,1929,1905,1909,False,580
2709,2020-10-12,1922,1922,1926,1922,1924,False,96
2710,2020-10-13,1888,1888,1922,1887,1922,False,191
2711,2020-10-14,1901,1901,1911,1882,1890,False,33
2712,2020-10-15,1903,1903,1906,1890,1897,False,254
2713,2020-10-16,1901,1901,1901,1898,1898,False,53
2714,2020-10-19,1906,1906,1908,1900,1907,False,43
2715,2020-10-20,1910,1910,1910,1896,1901,False,329
2716,2020-10-21,1925,1925,1927,1914,1914,False,1202
2717,2020-10-22,1901,1901,1924,1898,1924,False,899
2718,2020-10-23,1902,1902,1913,1896,1900,False,287
2719,2020-10-26,1903,1903,1907,1894,1896,False,242
2720,2020-10-27,1909,1909,1909,1904,1905,False,176
2721,2020-10-28,1876,1876,1876,1871,1871,False,277
2722,2020-10-29,1866,1866,1880,1859,1876,False,240
2723,2020-10-30,1877,1877,1887,1863,1863,False,725
2724,2020-11-02,1890,1890,1895,1873,1873,False,190
2725,2020-11-03,1908,1908,1908,1892,1892,False,712
2726,2020-11-04,1895,1895,1907,1885,1894,False,782
2727,2020-11-05,1945,1945,1948,1902,1902,False,135
2728,2020-11-06,1950,1950,1959,1941,1941,False,304
2729,2020-11-09,1853,1853,1963,1847,1956,False,745
2730,2020-11-10,1875,1875,1885,1871,1879,False,276
2731,2020-11-11,1861,1861,1879,1856,1879,False,222
2732,2020-11-12,1873,1873,1878,1867,1869,False,220
2733,2020-11-13,1886,1886,1890,1877,1877,False,240
2734,2020-11-16,1887,1887,1887,1871,1875,False,6
2735,2020-11-17,1884,1884,1888,1884,1888,False,59
2736,2020-11-18,1874,1874,1874,1874,1874,False,152
2737,2020-11-19,1861,1861,1866,1856,1866,False,59
2738,2020-11-20,1873,1873,1873,1871,1871,False,1900
2739,2020-11-23,1838,1838,1838,1829,1835,False,843
2740,2020-11-24,1805,1805,1829,1799,1829,False,1041
2741,2020-11-25,1806,1806,1806,1801,1801,False,205754
2742,2020-11-27,1782,1782,1817,1771,1806,False,71804
2743,2020-11-30,1776,1776,1787,1762,1785,False,3145
2744,2020-12-01,1814,1814,1816,1775,1775,False,1859
2745,2020-12-02,1826,1826,1830,1808,1811,False,771
2746,2020-12-03,1837,1837,1842,1825,1829,False,1765
2747,2020-12-04,1836,1836,1848,1828,1841,False,1213
2748,2020-12-07,1862,1862,1867,1821,1836,False,1427
2749,2020-12-08,1871,1871,1876,1862,1863,False,121
2750,2020-12-09,1835,1835,1867,1827,1867,False,215
2751,2020-12-10,1834,1834,1849,1828,1833,False,177
2752,2020-12-11,1840,1840,1846,1829,1838,False,109
2753,2020-12-14,1829,1829,1836,1823,1836,False,258
2754,2020-12-15,1852,1852,1854,1833,1834,False,961
2755,2020-12-16,1856,1856,1865,1850,1856,False,1090
2756,2020-12-17,1887,1887,1896,1874,1874,False,414
2757,2020-12-18,1886,1886,1890,1882,1882,False,276
2758,2020-12-21,1879,1879,1908,1869,1885,False,136
2759,2020-12-22,1867,1867,1882,1861,1882,False,233
2760,2020-12-23,1875,1875,1879,1864,1867,False,82
2761,2020-12-24,1880,1880,1880,1876,1877,False,46
2762,2020-12-28,1877,1877,1896,1874,1896,False,75
2763,2020-12-29,1880,1880,1881,1880,1881,False,343
2764,2020-12-30,1891,1891,1896,1877,1880,False,444
2765,2020-12-31,1893,1893,1901,1893,1897,False,127
2766,2021-01-04,1945,1945,1945,1912,1912,False,154
2767,2021-01-05,1953,1953,1953,1941,1942,False,113
2768,2021-01-06,1907,1907,1960,1902,1952,False,331
2769,2021-01-07,1912,1912,1927,1912,1923,False,122
2770,2021-01-08,1834,1834,1908,1834,1908,False,60
2771,2021-01-11,1850,1850,1850,1826,1826,False,20
2772,2021-01-12,1843,1843,1860,1839,1849,False,176
2773,2021-01-13,1854,1854,1859,1854,1858,False,189
2774,2021-01-14,1850,1850,1851,1837,1837,False,149
2775,2021-01-15,1829,1829,1829,1825,1829,False,31
2776,2021-01-19,1840,1840,1843,1802,1802,False,13
2777,2021-01-20,1866,1866,1867,1844,1848,False,16
2778,2021-01-21,1865,1865,1868,1865,1865,False,6
2779,2021-01-22,1856,1856,1856,1853,1855,False,8
2780,2021-01-25,1855,1855,1865,1852,1865,False,26
2781,2021-01-26,1851,1851,1856,1851,1856,False,59
2782,2021-01-27,1845,1845,1845,1845,1845,False,195540
2783,2021-01-28,1838,1838,1863,1832,1843,False,27283
2784,2021-01-29,1847,1847,1876,1839,1842,False,1634
2785,2021-02-01,1861,1861,1872,1850,1867,False,1494
2786,2021-02-02,1830,1830,1861,1828,1860,False,1293
2787,2021-02-03,1832,1832,1842,1830,1835,False,1195
2788,2021-02-04,1789,1789,1832,1783,1832,False,2375
2789,2021-02-05,1811,1811,1814,1791,1794,False,1278
2790,2021-02-08,1832,1832,1837,1809,1816,False,254
2791,2021-02-09,1835,1835,1843,1831,1842,False,184
2792,2021-02-10,1841,1841,1851,1837,1843,False,543
2793,2021-02-11,1825,1825,1845,1821,1840,False,602
2794,2021-02-12,1822,1822,1828,1809,1825,False,259
2795,2021-02-16,1797,1797,1823,1787,1821,False,1141
2796,2021-02-17,1771,1771,1790,1769,1786,False,614
2797,2021-02-18,1773,1773,1785,1766,1776,False,587
2798,2021-02-19,1776,1776,1788,1764,1764,False,118
2799,2021-02-22,1807,1807,1808,1784,1784,False,165
2800,2021-02-23,1804,1804,1811,1796,1810,False,569
2801,2021-02-24,1796,1796,1806,1796,1806,False,1500
2802,2021-02-25,1774,1774,1802,1767,1802,False,1049
2803,2021-02-26,1728,1728,1768,1719,1768,False,1593
2804,2021-03-01,1722,1722,1747,1720,1737,False,407
2805,2021-03-02,1733,1733,1733,1709,1709,False,867
2806,2021-03-03,1715,1715,1732,1704,1730,False,501
2807,2021-03-04,1700,1700,1717,1700,1706,False,521
2808,2021-03-05,1698,1698,1701,1685,1691,False,302
2809,2021-03-08,1678,1678,1705,1674,1705,False,1290
2810,2021-03-09,1717,1717,1718,1685,1686,False,335
2811,2021-03-10,1722,1722,1723,1711,1714,False,412
2812,2021-03-11,1722,1722,1738,1720,1726,False,18
2813,2021-03-12,1720,1720,1722,1699,1716,False,80
2814,2021-03-15,1729,1729,1732,1723,1730,False,147
2815,2021-03-16,1731,1731,1734,1726,1732,False,729
2816,2021-03-17,1727,1727,1750,1726,1735,False,488
2817,2021-03-18,1732,1732,1750,1722,1746,False,138
2818,2021-03-19,1741,1741,1742,1734,1742,False,13
2819,2021-03-22,1738,1738,1738,1738,1738,False,51
2820,2021-03-23,1725,1725,1725,1725,1725,False,6
2821,2021-03-24,1733,1733,1733,1728,1728,False,26
2822,2021-03-25,1725,1725,1733,1724,1733,False,15
2823,2021-03-26,1732,1732,1732,1721,1721,False,33
2824,2021-03-29,1712,1712,1712,1712,1712,False,135457
2825,2021-03-30,1684,1684,1713,1676,1711,False,25316
2826,2021-03-31,1714,1714,1714,1676,1684,False,762
2827,2021-04-01,1726,1726,1729,1706,1707,False,720
2828,2021-04-05,1727,1727,1730,1722,1728,False,275
2829,2021-04-06,1742,1742,1745,1727,1727,False,890
2830,2021-04-07,1740,1740,1743,1734,1743,False,557
2831,2021-04-08,1757,1757,1758,1735,1736,False,1298
2832,2021-04-09,1743,1743,1751,1733,1751,False,484
2833,2021-04-12,1731,1731,1741,1727,1741,False,40
2834,2021-04-13,1746,1746,1747,1722,1734,False,367
2835,2021-04-14,1735,1735,1746,1733,1741,False,1037
2836,2021-04-15,1765,1765,1768,1740,1740,False,368
2837,2021-04-16,1779,1779,1780,1770,1770,False,625
2838,2021-04-19,1769,1769,1788,1769,1782,False,144
2839,2021-04-20,1777,1777,1777,1766,1769,False,1464
2840,2021-04-21,1792,1792,1794,1778,1783,False,250
2841,2021-04-22,1781,1781,1794,1780,1794,False,159
2842,2021-04-23,1777,1777,1794,1772,1786,False,332
2843,2021-04-26,1779,1779,1780,1771,1778,False,549
2844,2021-04-27,1778,1778,1782,1778,1780,False,117
2845,2021-04-28,1773,1773,1774,1765,1768,False,756
2846,2021-04-29,1768,1768,1789,1759,1781,False,196
2847,2021-04-30,1767,1767,1772,1764,1772,False,18
2848,2021-05-03,1791,1791,1793,1788,1788,False,18
2849,2021-05-04,1776,1776,1788,1775,1788,False,182
2850,2021-05-05,1784,1784,1784,1779,1782,False,57
2851,2021-05-06,1816,1816,1816,1788,1789,False,13
2852,2021-05-07,1831,1831,1843,1831,1843,False,2
2853,2021-05-10,1838,1838,1846,1835,1836,False,13
2854,2021-05-11,1836,1836,1838,1832,1837,False,420
2855,2021-05-12,1823,1823,1825,1822,1825,False,3
2856,2021-05-13,1824,1824,1827,1814,1815,False,100
2857,2021-05-14,1838,1838,1843,1824,1824,False,41
2858,2021-05-17,1868,1868,1868,1847,1850,False,13
2859,2021-05-18,1868,1868,1870,1868,1870,False,3
2860,2021-05-19,1881,1881,1885,1864,1866,False,348
2861,2021-05-20,1882,1882,1885,1865,1866,False,85
2862,2021-05-21,1877,1877,1877,1872,1872,False,5
2863,2021-05-24,1885,1885,1885,1882,1882,False,39
2864,2021-05-25,1898,1898,1898,1882,1882,False,56
2865,2021-05-26,1901,1901,1901,1901,1901,False,170526
2866,2021-05-27,1896,1896,1904,1888,1897,False,35794
2867,2021-05-28,1902,1902,1905,1882,1898,False,2415
2868,2021-06-01,1903,1903,1916,1893,1905,False,640
2869,2021-06-02,1908,1908,1909,1896,1899,False,1267
2870,2021-06-03,1871,1871,1909,1865,1909,False,1021
2871,2021-06-04,1890,1890,1896,1854,1869,False,367
2872,2021-06-07,1897,1897,1900,1883,1890,False,87
2873,2021-06-08,1892,1892,1903,1890,1896,False,930
2874,2021-06-09,1893,1893,1898,1889,1895,False,148
2875,2021-06-10,1894,1894,1900,1872,1888,False,186
2876,2021-06-11,1877,1877,1902,1875,1901,False,349
2877,2021-06-14,1864,1864,1867,1846,1866,False,41
2878,2021-06-15,1854,1854,1867,1854,1866,False,78
2879,2021-06-16,1860,1860,1860,1809,1859,False,117
2880,2021-06-17,1774,1774,1823,1770,1812,False,1135
2881,2021-06-18,1768,1768,1792,1768,1776,False,354
2882,2021-06-21,1782,1782,1785,1767,1769,False,38
2883,2021-06-22,1776,1776,1787,1776,1783,False,101
2884,2021-06-23,1782,1782,1793,1781,1781,False,136
2885,2021-06-24,1776,1776,1786,1776,1779,False,78
2886,2021-06-25,1777,1777,1788,1775,1778,False,35
2887,2021-06-28,1780,1780,1780,1780,1780,False,888
2888,2021-06-29,1763,1763,1777,1752,1777,False,419
2889,2021-06-30,1771,1771,1771,1759,1761,False,51
2890,2021-07-01,1776,1776,1781,1769,1776,False,44
2891,2021-07-02,1783,1783,1788,1778,1779,False,23
2892,2021-07-06,1794,1794,1810,1787,1787,False,332
2893,2021-07-07,1802,1802,1808,1797,1799,False,244
2894,2021-07-08,1800,1800,1818,1797,1797,False,148
2895,2021-07-09,1810,1810,1810,1799,1804,False,218
2896,2021-07-12,1806,1806,1806,1800,1803,False,147
2897,2021-07-13,1809,1809,1812,1801,1808,False,78
2898,2021-07-14,1824,1824,1829,1813,1813,False,707
2899,2021-07-15,1828,1828,1833,1823,1832,False,99
2900,2021-07-16,1814,1814,1831,1814,1830,False,78
2901,2021-07-19,1809,1809,1813,1803,1803,False,33
2902,2021-07-20,1811,1811,1824,1811,1813,False,128
2903,2021-07-21,1803,1803,1807,1800,1807,False,135
2904,2021-07-22,1805,1805,1805,1794,1794,False,2
2905,2021-07-23,1801,1801,1801,1800,1800,False,1
2906,2021-07-26,1799,1799,1802,1797,1802,False,17
2907,2021-07-27,1800,1800,1804,1800,1804,False,1
2908,2021-07-28,1800,1800,1800,1800,1800,False,209783
2909,2021-07-29,1831,1831,1833,1806,1807,False,30496
2910,2021-07-30,1813,1813,1830,1809,1828,False,3100
2911,2021-08-02,1818,1818,1819,1805,1812,False,1334
2912,2021-08-03,1810,1810,1814,1806,1812,False,3341
2913,2021-08-04,1810,1810,1831,1806,1809,False,2860
2914,2021-08-05,1805,1805,1814,1796,1811,False,588
2915,2021-08-06,1760,1760,1800,1758,1800,False,859
2916,2021-08-09,1723,1723,1754,1693,1754,False,1621
2917,2021-08-10,1729,1729,1735,1720,1729,False,1363
2918,2021-08-11,1750,1750,1752,1727,1727,False,542
2919,2021-08-12,1749,1749,1752,1746,1750,False,739
2920,2021-08-13,1775,1775,1777,1757,1758,False,436
2921,2021-08-16,1787,1787,1788,1772,1777,False,219
2922,2021-08-17,1785,1785,1794,1780,1788,False,200
2923,2021-08-18,1782,1782,1792,1779,1788,False,263
2924,2021-08-19,1780,1780,1789,1776,1780,False,245
2925,2021-08-20,1781,1781,1788,1778,1784,False,235
2926,2021-08-23,1803,1803,1805,1777,1777,False,32
2927,2021-08-24,1806,1806,1806,1801,1801,False,22
2928,2021-08-25,1788,1788,1793,1784,1792,False,812
2929,2021-08-26,1792,1792,1792,1781,1787,False,61
2930,2021-08-27,1817,1817,1817,1803,1803,False,1219
2931,2021-08-30,1809,1809,1820,1808,1818,False,684
2932,2021-08-31,1815,1815,1816,1801,1816,False,82
2933,2021-09-01,1813,1813,1816,1810,1814,False,114
2934,2021-09-02,1809,1809,1814,1807,1813,False,26
2935,2021-09-03,1831,1831,1834,1819,1821,False,53
2936,2021-09-07,1796,1796,1826,1793,1826,False,48
2937,2021-09-08,1791,1791,1791,1782,1782,False,69
2938,2021-09-09,1797,1797,1799,1788,1799,False,49
2939,2021-09-10,1790,1790,1790,1790,1790,False,0
2940,2021-09-13,1792,1792,1796,1784,1790,False,533
2941,2021-09-14,1805,1805,1806,1783,1791,False,764
2942,2021-09-15,1792,1792,1804,1792,1804,False,59
2943,2021-09-16,1755,1755,1793,1744,1793,False,1645
2944,2021-09-17,1749,1749,1763,1749,1759,False,581
2945,2021-09-20,1762,1762,1762,1751,1752,False,185
2946,2021-09-21,1776,1776,1776,1759,1762,False,106
2947,2021-09-22,1777,1777,1784,1767,1777,False,17
2948,2021-09-23,1748,1748,1767,1738,1767,False,31
2949,2021-09-24,1750,1750,1750,1745,1750,False,76
2950,2021-09-27,1750,1750,1754,1748,1752,False,808
2951,2021-09-28,1736,1736,1742,1727,1740,False,15748
2952,2021-09-29,1722,1722,1744,1721,1732,False,6634
2953,2021-09-30,1755,1755,1760,1724,1726,False,997
2954,2021-10-01,1757,1757,1763,1748,1754,False,2220
2955,2021-10-04,1766,1766,1769,1750,1764,False,417
2956,2021-10-05,1760,1760,1764,1749,1764,False,98
2957,2021-10-06,1760,1760,1763,1745,1759,False,56
2958,2021-10-07,1758,1758,1762,1753,1762,False,336
2959,2021-10-08,1756,1756,1780,1754,1757,False,254
2960,2021-10-11,1755,1755,1758,1752,1757,False,128
2961,2021-10-12,1758,1758,1768,1750,1752,False,139
2962,2021-10-13,1794,1794,1794,1761,1761,False,150
2963,2021-10-14,1797,1797,1800,1792,1792,False,337
2964,2021-10-15,1767,1767,1795,1767,1794,False,874
2965,2021-10-18,1765,1765,1770,1760,1762,False,266
2966,2021-10-19,1770,1770,1785,1768,1778,False,51
2967,2021-10-20,1784,1784,1786,1774,1775,False,127
2968,2021-10-21,1781,1781,1786,1781,1782,False,146
2969,2021-10-22,1796,1796,1807,1784,1787,False,532
2970,2021-10-25,1806,1806,1809,1794,1794,False,140
2971,2021-10-26,1793,1793,1809,1789,1809,False,359
2972,2021-10-27,1798,1798,1798,1792,1792,False,543
2973,2021-10-28,1802,1802,1807,1796,1796,False,452
2974,2021-10-29,1783,1783,1797,1775,1793,False,583
2975,2021-11-01,1795,1795,1795,1787,1788,False,142
2976,2021-11-02,1789,1789,1796,1788,1790,False,213
2977,2021-11-03,1764,1764,1768,1762,1768,False,108
2978,2021-11-04,1793,1793,1798,1776,1777,False,103
2979,2021-11-05,1816,1816,1817,1795,1795,False,239
2980,2021-11-08,1827,1827,1827,1817,1817,False,261
2981,2021-11-09,1830,1830,1833,1821,1826,False,170
2982,2021-11-10,1848,1848,1865,1825,1826,False,795
2983,2021-11-11,1863,1863,1866,1854,1854,False,292
2984,2021-11-12,1868,1868,1868,1848,1861,False,210
2985,2021-11-15,1866,1866,1867,1864,1864,False,87
2986,2021-11-16,1854,1854,1854,1854,1854,False,1
2987,2021-11-17,1870,1870,1870,1863,1863,False,2
2988,2021-11-18,1861,1861,1861,1861,1861,False,9
2989,2021-11-19,1851,1851,1851,1851,1851,False,21
2990,2021-11-22,1806,1806,1842,1806,1842,False,14
2991,2021-11-23,1784,1784,1796,1784,1796,False,264
2992,2021-11-24,1784,1784,1793,1781,1793,False,188
2993,2021-11-26,1785,1785,1791,1785,1791,False,186800
2994,2021-11-29,1782,1782,1799,1779,1792,False,26926
2995,2021-11-30,1774,1774,1808,1769,1784,False,4903
2996,2021-12-01,1782,1782,1790,1772,1775,False,1128
2997,2021-12-02,1761,1761,1781,1761,1781,False,1557
2998,2021-12-03,1782,1782,1785,1766,1768,False,694
2999,2021-12-06,1778,1778,1783,1777,1780,False,381
3000,2021-12-07,1783,1783,1786,1772,1780,False,308
3001,2021-12-08,1783,1783,1790,1779,1790,False,1383
3002,2021-12-09,1775,1775,1784,1772,1784,False,455
3003,2021-12-10,1783,1783,1785,1769,1774,False,545
3004,2021-12-13,1786,1786,1787,1784,1784,False,206
3005,2021-12-14,1770,1770,1787,1769,1787,False,322
3006,2021-12-15,1763,1763,1779,1754,1767,False,283
3007,2021-12-16,1797,1797,1798,1781,1781,False,21
3008,2021-12-17,1804,1804,1813,1804,1804,False,654
3009,2021-12-20,1794,1794,1800,1792,1797,False,226
3010,2021-12-21,1788,1788,1796,1788,1791,False,575
3011,2021-12-22,1802,1802,1805,1786,1786,False,567
3012,2021-12-23,1811,1811,1811,1801,1806,False,193
3013,2021-12-27,1808,1808,1812,1807,1810,False,150
3014,2021-12-28,1810,1810,1818,1806,1812,False,146
3015,2021-12-29,1805,1805,1805,1791,1803,False,623
3016,2021-12-30,1813,1813,1816,1796,1802,False,306
3017,2021-12-31,1828,1828,1828,1821,1825,False,80
3018,2022-01-03,1799,1799,1830,1799,1830,False,116
3019,2022-01-04,1814,1814,1815,1800,1800,False,38
3020,2022-01-05,1825,1825,1825,1813,1813,False,8
3021,2022-01-06,1789,1789,1791,1787,1787,False,30
3022,2022-01-07,1797,1797,1797,1784,1792,False,17
3023,2022-01-10,1798,1798,1799,1790,1795,False,534
3024,2022-01-11,1819,1819,1822,1803,1804,False,743
3025,2022-01-12,1827,1827,1827,1817,1819,False,1547
3026,2022-01-13,1821,1821,1823,1815,1820,False,40
3027,2022-01-14,1816,1816,1822,1816,1822,False,816
3028,2022-01-18,1812,1812,1820,1812,1817,False,900
3029,2022-01-19,1843,1843,1843,1817,1817,False,4
3030,2022-01-20,1842,1842,1843,1838,1841,False,20
3031,2022-01-21,1832,1832,1842,1829,1838,False,19
3032,2022-01-24,1842,1842,1842,1838,1838,False,8
3033,2022-01-25,1853,1853,1853,1842,1843,False,11
3034,2022-01-26,1830,1830,1830,1830,1830,False,55
3035,2022-01-27,1793,1793,1793,1793,1793,False,196036
3036,2022-01-28,1785,1785,1798,1779,1798,False,28521
3037,2022-01-31,1795,1795,1798,1785,1788,False,1735
3038,2022-02-01,1800,1800,1806,1797,1797,False,223
3039,2022-02-02,1809,1809,1810,1795,1798,False,1690
3040,2022-02-03,1803,1803,1808,1788,1806,False,466
3041,2022-02-04,1807,1807,1814,1792,1806,False,571
3042,2022-02-07,1821,1821,1821,1809,1812,False,601
3043,2022-02-08,1827,1827,1828,1815,1819,False,108
3044,2022-02-09,1835,1835,1835,1825,1825,False,683
3045,2022-02-10,1836,1836,1842,1821,1833,False,365
3046,2022-02-11,1841,1841,1865,1822,1822,False,181
3047,2022-02-14,1868,1868,1871,1855,1862,False,79
3048,2022-02-15,1855,1855,1880,1847,1873,False,86
3049,2022-02-16,1870,1870,1870,1856,1859,False,34
3050,2022-02-17,1901,1901,1901,1876,1876,False,393
3051,2022-02-18,1899,1899,1899,1891,1899,False,51
3052,2022-02-22,1906,1906,1912,1891,1908,False,173
3053,2022-02-23,1909,1909,1911,1896,1897,False,73
3054,2022-02-24,1925,1925,1972,1912,1912,False,2706
3055,2022-02-25,1886,1886,1920,1884,1907,False,586
3056,2022-02-28,1899,1899,1928,1894,1928,False,390
3057,2022-03-01,1942,1942,1942,1904,1908,False,547
3058,2022-03-02,1921,1921,1948,1920,1946,False,109
3059,2022-03-03,1934,1934,1940,1925,1930,False,122
3060,2022-03-04,1965,1965,1971,1936,1937,False,47
3061,2022-03-07,1994,1994,2001,1963,1989,False,2516
3062,2022-03-08,2040,2040,2072,1998,1999,False,1813
3063,2022-03-09,1986,1986,2063,1981,2054,False,1022
3064,2022-03-10,1998,1998,2010,1978,1978,False,670
3065,2022-03-11,1983,1983,1996,1960,1985,False,865
3066,2022-03-14,1960,1960,1978,1960,1976,False,145
3067,2022-03-15,1928,1928,1940,1911,1940,False,71
3068,2022-03-16,1908,1908,1922,1907,1922,False,104
3069,2022-03-17,1942,1942,1947,1934,1934,False,39
3070,2022-03-18,1928,1928,1939,1928,1934,False,28
3071,2022-03-21,1929,1929,1929,1925,1925,False,5
3072,2022-03-22,1921,1921,1921,1921,1921,False,26
3073,2022-03-23,1937,1937,1937,1937,1937,False,204
3074,2022-03-24,1962,1962,1964,1962,1964,False,8
3075,2022-03-25,1954,1954,1954,1954,1954,False,83
3076,2022-03-28,1940,1940,1940,1933,1933,False,7
3077,2022-03-29,1912,1912,1912,1894,1894,False,128051
3078,2022-03-30,1934,1934,1937,1914,1918,False,17765
3079,2022-03-31,1949,1949,1950,1919,1934,False,3617
3080,2022-04-01,1919,1919,1938,1917,1935,False,1016
3081,2022-04-04,1929,1929,1936,1916,1921,False,371
3082,2022-04-05,1923,1923,1944,1918,1927,False,412
3083,2022-04-06,1918,1918,1932,1917,1917,False,138
3084,2022-04-07,1934,1934,1935,1920,1920,False,311
3085,2022-04-08,1942,1942,1948,1929,1929,False,153
3086,2022-04-11,1944,1944,1968,1942,1947,False,163
3087,2022-04-12,1972,1972,1977,1951,1952,False,246
3088,2022-04-13,1981,1981,1981,1970,1970,False,204
3089,2022-04-14,1971,1971,1979,1963,1977,False,101
3090,2022-04-18,1983,1983,1997,1973,1973,False,196
3091,2022-04-19,1956,1956,1978,1946,1974,False,130
3092,2022-04-20,1952,1952,1954,1946,1946,False,621
3093,2022-04-21,1945,1945,1945,1942,1942,False,4
3094,2022-04-22,1931,1931,1950,1930,1950,False,178
3095,2022-04-25,1893,1893,1925,1889,1925,False,748
3096,2022-04-26,1901,1901,1909,1894,1900,False,302
3097,2022-04-27,1886,1886,1901,1882,1898,False,1786
3098,2022-04-28,1889,1889,1893,1873,1884,False,513
3099,2022-04-29,1909,1909,1918,1902,1903,False,132
3100,2022-05-02,1862,1862,1897,1853,1897,False,385
3101,2022-05-03,1869,1869,1869,1869,1869,False,466
3102,2022-05-04,1867,1867,1867,1867,1867,False,1
3103,2022-05-05,1874,1874,1904,1874,1897,False,80
3104,2022-05-06,1881,1881,1890,1872,1875,False,214
3105,2022-05-09,1857,1857,1868,1854,1867,False,304
3106,2022-05-10,1840,1840,1840,1840,1840,False,1540
3107,2022-05-11,1853,1853,1853,1841,1842,False,892
3108,2022-05-12,1824,1824,1852,1822,1850,False,153
3109,2022-05-13,1807,1807,1825,1807,1825,False,335
3110,2022-05-16,1814,1814,1814,1787,1790,False,34
3111,2022-05-17,1818,1818,1829,1817,1825,False,121
3112,2022-05-18,1816,1816,1820,1805,1815,False,311
3113,2022-05-19,1841,1841,1841,1811,1811,False,138
3114,2022-05-20,1842,1842,1842,1836,1839,False,110
3115,2022-05-23,1848,1848,1863,1846,1846,False,216
3116,2022-05-24,1865,1865,1867,1852,1852,False,33
3117,2022-05-25,1846,1846,1846,1846,1846,False,0
3118,2022-05-26,1847,1847,1847,1840,1840,False,123355
3119,2022-05-27,1851,1851,1861,1846,1848,False,30091
3120,2022-05-31,1843,1843,1862,1833,1850,False,4073
3121,2022-06-01,1843,1843,1848,1825,1831,False,1623
3122,2022-06-02,1866,1866,1869,1842,1845,False,551
3123,2022-06-03,1845,1845,1872,1845,1868,False,53
3124,2022-06-06,1839,1839,1854,1839,1849,False,142
3125,2022-06-07,1848,1848,1852,1835,1837,False,1168
3126,2022-06-08,1852,1852,1855,1844,1845,False,218
3127,2022-06-09,1849,1849,1850,1838,1846,False,159
3128,2022-06-10,1872,1872,1876,1824,1843,False,1490
3129,2022-06-13,1828,1828,1874,1819,1874,False,127
3130,2022-06-14,1810,1810,1826,1805,1825,False,536
3131,2022-06-15,1815,1815,1839,1811,1814,False,108
3132,2022-06-16,1846,1846,1851,1815,1819,False,136
3133,2022-06-17,1836,1836,1854,1834,1854,False,170
3134,2022-06-21,1835,1835,1839,1830,1835,False,216
3135,2022-06-22,1834,1834,1843,1822,1830,False,115
3136,2022-06-23,1826,1826,1841,1826,1836,False,9
3137,2022-06-24,1826,1826,1826,1816,1820,False,61
3138,2022-06-27,1821,1821,1831,1820,1830,False,77
3139,2022-06-28,1818,1818,1826,1818,1824,False,391
3140,2022-06-29,1814,1814,1830,1813,1818,False,173
3141,2022-06-30,1804,1804,1817,1801,1810,False,328
3142,2022-07-01,1799,1799,1806,1792,1796,False,77
3143,2022-07-05,1762,1762,1805,1762,1805,False,64
3144,2022-07-06,1735,1735,1768,1734,1762,False,1729
3145,2022-07-07,1738,1738,1745,1737,1745,False,1869
3146,2022-07-08,1741,1741,1749,1732,1738,False,370
3147,2022-07-11,1730,1730,1737,1730,1732,False,75
3148,2022-07-12,1723,1723,1736,1723,1734,False,451
3149,2022-07-13,1734,1734,1734,1710,1710,False,368
3150,2022-07-14,1704,1704,1710,1704,1710,False,1289
3151,2022-07-15,1702,1702,1710,1701,1705,False,721
3152,2022-07-18,1709,1709,1712,1709,1712,False,264
3153,2022-07-19,1710,1710,1714,1706,1712,False,1684
3154,2022-07-20,1700,1700,1708,1700,1707,False,130
3155,2022-07-21,1713,1713,1716,1680,1687,False,183
3156,2022-07-22,1727,1727,1735,1713,1713,False,61
3157,2022-07-25,1719,1719,1732,1719,1727,False,67
3158,2022-07-26,1718,1718,1718,1718,1718,False,1
3159,2022-07-27,1719,1719,1719,1719,1719,False,144865
3160,2022-07-28,1750,1750,1755,1732,1732,False,37236
3161,2022-07-29,1763,1763,1766,1750,1754,False,3485
3162,2022-08-01,1769,1769,1772,1756,1764,False,705
3163,2022-08-02,1771,1771,1787,1759,1772,False,1078
3164,2022-08-03,1758,1758,1770,1753,1757,False,399
3165,2022-08-04,1788,1788,1792,1768,1769,False,285
3166,2022-08-05,1773,1773,1791,1764,1791,False,645
3167,2022-08-08,1787,1787,1787,1772,1772,False,127
3168,2022-08-09,1794,1794,1796,1789,1790,False,249
3169,2022-08-10,1796,1796,1805,1788,1804,False,601
3170,2022-08-11,1790,1790,1794,1786,1794,False,1235
3171,2022-08-12,1799,1799,1800,1784,1786,False,187
3172,2022-08-15,1781,1781,1799,1775,1799,False,64
3173,2022-08-16,1773,1773,1777,1771,1777,False,308
3174,2022-08-17,1760,1760,1770,1760,1770,False,23
3175,2022-08-18,1755,1755,1763,1753,1763,False,321
3176,2022-08-19,1748,1748,1754,1748,1754,False,49
3177,2022-08-22,1734,1734,1740,1726,1740,False,347
3178,2022-08-23,1747,1747,1749,1732,1738,False,509
3179,2022-08-24,1748,1748,1752,1744,1745,False,187
3180,2022-08-25,1758,1758,1762,1755,1762,False,172
3181,2022-08-26,1736,1736,1755,1736,1754,False,202
3182,2022-08-29,1737,1737,1741,1732,1732,False,950
3183,2022-08-30,1723,1723,1739,1721,1736,False,385
3184,2022-08-31,1713,1713,1721,1708,1718,False,2133
3185,2022-09-01,1697,1697,1708,1694,1708,False,683
3186,2022-09-02,1710,1710,1716,1703,1703,False,182
3187,2022-09-06,1700,1700,1717,1700,1710,False,697
3188,2022-09-07,1715,1715,1715,1695,1695,False,651
3189,2022-09-08,1708,1708,1718,1705,1718,False,1193
3190,2022-09-09,1716,1716,1720,1713,1719,False,635
3191,2022-09-12,1728,1728,1728,1727,1727,False,68
3192,2022-09-13,1705,1705,1720,1697,1720,False,432
3193,2022-09-14,1696,1696,1702,1696,1699,False,532
3194,2022-09-15,1665,1665,1686,1662,1686,False,1125
3195,2022-09-16,1672,1672,1675,1652,1660,False,464
3196,2022-09-19,1666,1666,1669,1658,1662,False,580
3197,2022-09-20,1660,1660,1660,1660,1660,False,2830
3198,2022-09-21,1665,1665,1680,1665,1666,False,2337
3199,2022-09-22,1671,1671,1671,1668,1668,False,973
3200,2022-09-23,1645,1645,1667,1645,1667,False,1224
3201,2022-09-26,1623,1623,1623,1623,1623,False,1205
3202,2022-09-27,1627,1627,1637,1627,1632,False,888
3203,2022-09-28,1660,1660,1660,1620,1620,False,18311
3204,2022-09-29,1658,1658,1663,1640,1657,False,6028
3205,2022-09-30,1662,1662,1673,1658,1662,False,548
3206,2022-10-03,1693,1693,1700,1662,1667,False,410
3207,2022-10-04,1721,1721,1728,1696,1701,False,291
3208,2022-10-05,1711,1711,1727,1703,1724,False,418
3209,2022-10-06,1712,1712,1723,1709,1721,False,133
3210,2022-10-07,1700,1700,1710,1694,1710,False,179
3211,2022-10-10,1667,1667,1693,1667,1693,False,195
3212,2022-10-11,1679,1679,1679,1661,1662,False,167
3213,2022-10-12,1670,1670,1673,1668,1668,False,149
3214,2022-10-13,1670,1670,1675,1642,1675,False,729
3215,2022-10-14,1642,1642,1667,1640,1665,False,82
3216,2022-10-17,1657,1657,1657,1647,1650,False,238
3217,2022-10-18,1649,1649,1655,1649,1651,False,597
3218,2022-10-19,1628,1628,1638,1628,1638,False,84
3219,2022-10-20,1631,1631,1641,1623,1623,False,477
3220,2022-10-21,1651,1651,1654,1634,1634,False,224
3221,2022-10-24,1649,1649,1663,1649,1663,False,29
3222,2022-10-25,1653,1653,1653,1637,1648,False,880
3223,2022-10-26,1664,1664,1667,1650,1650,False,89
3224,2022-10-27,1661,1661,1661,1661,1661,False,2298
3225,2022-10-28,1640,1640,1661,1639,1661,False,626
3226,2022-10-31,1636,1636,1642,1633,1642,False,522
3227,2022-11-01,1645,1645,1654,1631,1631,False,985
3228,2022-11-02,1646,1646,1665,1634,1651,False,612
3229,2022-11-03,1627,1627,1629,1615,1629,False,1427
3230,2022-11-04,1672,1672,1674,1629,1630,False,159
3231,2022-11-07,1676,1676,1678,1673,1677,False,42
3232,2022-11-08,1712,1712,1712,1703,1703,False,23
3233,2022-11-09,1710,1710,1720,1706,1707,False,497
3234,2022-11-10,1750,1750,1750,1708,1708,False,325
3235,2022-11-11,1766,1766,1766,1758,1764,False,257
3236,2022-11-14,1774,1774,1774,1762,1762,False,358
3237,2022-11-15,1774,1774,1774,1770,1771,False,57
3238,2022-11-16,1773,1773,1779,1773,1777,False,303
3239,2022-11-17,1761,1761,1763,1756,1763,False,18
3240,2022-11-18,1752,1752,1763,1748,1763,False,414
3241,2022-11-21,1737,1737,1745,1736,1739,False,544
3242,2022-11-22,1738,1738,1742,1738,1742,False,15
3243,2022-11-23,1745,1745,1751,1736,1736,False,39
3244,2022-11-25,1753,1753,1758,1749,1753,False,216
3245,2022-11-28,1740,1740,1741,1740,1741,False,132767
3246,2022-11-29,1748,1748,1758,1738,1740,False,19416
3247,2022-11-30,1746,1746,1769,1745,1748,False,3339
3248,2022-12-01,1801,1801,1804,1769,1769,False,1053
3249,2022-12-02,1796,1796,1802,1779,1802,False,1725
3250,2022-12-05,1767,1767,1808,1764,1796,False,1713
3251,2022-12-06,1769,1769,1779,1768,1769,False,105
3252,2022-12-07,1786,1786,1790,1769,1769,False,422
3253,2022-12-08,1789,1789,1791,1782,1782,False,713
3254,2022-12-09,1798,1798,1804,1791,1795,False,125
3255,2022-12-12,1780,1780,1794,1778,1787,False,85
3256,2022-12-13,1814,1814,1820,1780,1781,False,205
3257,2022-12-14,1808,1808,1813,1798,1811,False,1074
3258,2022-12-15,1777,1777,1801,1775,1801,False,421
3259,2022-12-16,1790,1790,1791,1778,1778,False,206
3260,2022-12-19,1788,1788,1796,1786,1792,False,79
3261,2022-12-20,1816,1816,1821,1786,1786,False,51
3262,2022-12-21,1816,1816,1821,1814,1817,False,35
3263,2022-12-22,1787,1787,1818,1785,1818,False,411
3264,2022-12-23,1796,1796,1803,1794,1794,False,49
3265,2022-12-27,1815,1815,1826,1803,1803,False,69
3266,2022-12-28,1808,1808,1808,1803,1803,False,434
3267,2022-12-29,1820,1820,1820,1806,1806,False,277
3268,2022-12-30,1820,1820,1822,1817,1817,False,95
3269,2023-01-03,1840,1840,1840,1836,1836,False,29
3270,2023-01-04,1853,1853,1859,1846,1846,False,25
3271,2023-01-05,1835,1835,1855,1835,1855,False,24
3272,2023-01-06,1864,1864,1868,1835,1838,False,26
3273,2023-01-09,1873,1873,1880,1867,1867,False,62
3274,2023-01-10,1872,1872,1878,1872,1878,False,101
3275,2023-01-11,1875,1875,1878,1873,1873,False,1236
3276,2023-01-12,1896,1896,1897,1877,1877,False,59
3277,2023-01-13,1918,1918,1921,1898,1899,False,512
3278,2023-01-17,1907,1907,1920,1905,1920,False,706
3279,2023-01-18,1904,1904,1911,1903,1911,False,1027
3280,2023-01-19,1922,1922,1932,1922,1922,False,371
3281,2023-01-20,1926,1926,1928,1921,1922,False,1346
3282,2023-01-23,1927,1927,1927,1915,1926,False,218
3283,2023-01-24,1934,1934,1937,1932,1932,False,201
3284,2023-01-25,1941,1941,1941,1940,1941,False,7
3285,2023-01-26,1929,1929,1937,1927,1937,False,131
3286,2023-01-27,1929,1929,1929,1929,1929,False,150902
3287,2023-01-30,1923,1923,1934,1920,1928,False,27220
3288,2023-01-31,1930,1930,1930,1901,1923,False,1910
3289,2023-02-01,1928,1928,1955,1922,1927,False,2290
3290,2023-02-02,1916,1916,1959,1911,1952,False,748
3291,2023-02-03,1863,1863,1917,1862,1912,False,992
3292,2023-02-06,1866,1866,1880,1863,1866,False,424
3293,2023-02-07,1872,1872,1876,1868,1870,False,297
3294,2023-02-08,1877,1877,1880,1872,1872,False,230
3295,2023-02-09,1866,1866,1885,1860,1875,False,223
3296,2023-02-10,1863,1863,1864,1852,1862,False,27
3297,2023-02-13,1852,1852,1861,1850,1859,False,569
3298,2023-02-14,1854,1854,1862,1846,1854,False,656
3299,2023-02-15,1834,1834,1842,1828,1842,False,368
3300,2023-02-16,1842,1842,1844,1827,1839,False,222
3301,2023-02-17,1840,1840,1842,1818,1827,False,35
3302,2023-02-21,1833,1833,1843,1833,1843,False,862
3303,2023-02-22,1832,1832,1836,1825,1836,False,278
3304,2023-02-23,1818,1818,1828,1818,1826,False,291
3305,2023-02-24,1809,1809,1809,1809,1809,False,404
3306,2023-02-27,1817,1817,1818,1809,1812,False,829
3307,2023-02-28,1829,1829,1830,1808,1808,False,618
3308,2023-03-01,1838,1838,1842,1827,1827,False,211
3309,2023-03-02,1834,1834,1836,1830,1830,False,154
3310,2023-03-03,1848,1848,1855,1837,1837,False,61
3311,2023-03-06,1848,1848,1854,1844,1853,False,5
3312,2023-03-07,1814,1814,1841,1814,1841,False,450
3313,2023-03-08,1813,1813,1813,1812,1812,False,75
3314,2023-03-09,1829,1829,1829,1816,1816,False,332
3315,2023-03-10,1862,1862,1868,1852,1852,False,248
3316,2023-03-13,1912,1912,1913,1875,1891,False,503
3317,2023-03-14,1906,1906,1912,1901,1912,False,107
3318,2023-03-15,1927,1927,1927,1898,1904,False,564
3319,2023-03-16,1919,1919,1932,1910,1910,False,394
3320,2023-03-17,1970,1970,1985,1946,1946,False,82
3321,2023-03-20,1979,1979,2004,1969,1988,False,389
3322,2023-03-21,1938,1938,1974,1938,1974,False,47
3323,2023-03-22,1947,1947,1974,1947,1947,False,50
3324,2023-03-23,1994,1994,1995,1990,1990,False,33
3325,2023-03-24,1982,1982,1995,1982,1992,False,19
3326,2023-03-27,1952,1952,1957,1952,1957,False,877
3327,2023-03-28,1972,1972,1972,1972,1972,False,21
3328,2023-03-29,1966,1966,1966,1966,1966,False,88563
3329,2023-03-30,1980,1980,1984,1955,1966,False,10119
3330,2023-03-31,1969,1969,1987,1968,1981,False,957
3331,2023-04-03,1984,1984,1992,1950,1968,False,737
3332,2023-04-04,2022,2022,2027,1979,1985,False,811
3333,2023-04-05,2021,2021,2034,2014,2022,False,525
3334,2023-04-06,2012,2012,2023,2005,2022,False,0
3335,2023-04-10,1989,1989,2007,1984,2000,False,652
3336,2023-04-11,2005,2005,2006,1991,1991,False,68
3337,2023-04-12,2011,2011,2026,2005,2005,False,172
3338,2023-04-13,2041,2041,2049,2016,2016,False,1043
3339,2023-04-14,2002,2002,2048,1995,2041,False,718
3340,2023-04-17,1994,1994,2008,1983,2003,False,554
3341,2023-04-18,2007,2007,2007,1997,1997,False,72
3342,2023-04-19,1995,1995,2006,1970,2006,False,61
3343,2023-04-20,2008,2008,2008,1998,1998,False,164
3344,2023-04-21,1980,1980,1996,1974,1996,False,132
3345,2023-04-24,1989,1989,1990,1977,1981,False,145
3346,2023-04-25,1994,1994,1999,1982,1996,False,306
3347,2023-04-26,1986,1986,1999,1986,1998,False,615
3348,2023-04-27,1990,1990,2002,1980,1991,False,355
3349,2023-04-28,1990,1990,1990,1978,1987,False,152
3350,2023-05-01,1983,1983,2005,1977,1980,False,210
3351,2023-05-02,2014,2014,2018,1995,1995,False,1896
3352,2023-05-03,2029,2029,2035,2015,2017,False,1349
3353,2023-05-04,2048,2048,2072,2040,2045,False,930
3354,2023-05-05,2017,2017,2046,2004,2046,False,59
3355,2023-05-08,2026,2026,2026,2022,2022,False,3
3356,2023-05-09,2036,2036,2037,2026,2027,False,241
3357,2023-05-10,2030,2030,2044,2030,2032,False,248
3358,2023-05-11,2015,2015,2038,2014,2034,False,90
3359,2023-05-12,2014,2014,2014,2014,2014,False,115
3360,2023-05-15,2018,2018,2018,2014,2014,False,3
3361,2023-05-16,1988,1988,1988,1988,1988,False,49
3362,2023-05-17,1981,1981,1984,1981,1984,False,13
3363,2023-05-18,1956,1956,1957,1956,1956,False,23
3364,2023-05-19,1979,1979,1979,1960,1960,False,106
3365,2023-05-22,1975,1975,1980,1975,1980,False,8
3366,2023-05-23,1972,1972,1972,1972,1972,False,1
3367,2023-05-24,1963,1963,1975,1963,1975,False,189
3368,2023-05-25,1943,1943,1943,1943,1943,False,1
3369,2023-05-26,1944,1944,1948,1944,1948,False,166036
3370,2023-05-30,1958,1958,1963,1931,1943,False,37838
3371,2023-05-31,1964,1964,1973,1953,1958,False,5959
3372,2023-06-01,1978,1978,1983,1954,1963,False,750
3373,2023-06-02,1952,1952,1982,1947,1977,False,356
3374,2023-06-05,1958,1958,1962,1938,1948,False,713
3375,2023-06-06,1966,1966,1966,1959,1961,False,164
3376,2023-06-07,1943,1943,1968,1941,1959,False,139
3377,2023-06-08,1964,1964,1969,1943,1943,False,433
3378,2023-06-09,1962,1962,1970,1960,1965,False,49
3379,2023-06-12,1955,1955,1964,1951,1960,False,212
3380,2023-06-13,1945,1945,1968,1940,1961,False,343
3381,2023-06-14,1955,1955,1958,1940,1946,False,202
3382,2023-06-15,1958,1958,1959,1926,1942,False,329
3383,2023-06-16,1958,1958,1963,1954,1961,False,119
3384,2023-06-20,1936,1936,1959,1931,1959,False,193
3385,2023-06-21,1933,1933,1937,1920,1936,False,557
3386,2023-06-22,1913,1913,1921,1912,1920,False,237
3387,2023-06-23,1919,1919,1932,1919,1919,False,105
3388,2023-06-26,1924,1924,1928,1922,1923,False,71
3389,2023-06-27,1914,1914,1929,1914,1927,False,49
3390,2023-06-28,1912,1912,1912,1912,1912,False,628
3391,2023-06-29,1909,1909,1910,1892,1910,False,289
3392,2023-06-30,1921,1921,1921,1901,1909,False,445
3393,2023-07-03,1922,1922,1930,1918,1918,False,41
3394,2023-07-05,1920,1920,1934,1915,1924,False,193
3395,2023-07-06,1909,1909,1910,1903,1909,False,81
3396,2023-07-07,1926,1926,1934,1913,1913,False,61
3397,2023-07-10,1925,1925,1926,1912,1924,False,269
3398,2023-07-11,1931,1931,1937,1924,1925,False,142
3399,2023-07-12,1956,1956,1958,1932,1932,False,132
3400,2023-07-13,1959,1959,1961,1953,1961,False,121
3401,2023-07-14,1960,1960,1961,1953,1958,False,94
3402,2023-07-17,1952,1952,1956,1947,1954,False,29
3403,2023-07-18,1977,1977,1978,1963,1969,False,83
3404,2023-07-19,1978,1978,1978,1973,1977,False,35
3405,2023-07-20,1968,1968,1974,1966,1974,False,638
3406,2023-07-21,1964,1964,1964,1962,1962,False,50
3407,2023-07-24,1960,1960,1966,1960,1965,False,2
3408,2023-07-25,1962,1962,1962,1953,1953,False,19
3409,2023-07-26,1969,1969,1972,1966,1966,False,51
3410,2023-07-27,1945,1945,1945,1945,1945,False,194253
3411,2023-07-28,1960,1960,1962,1944,1946,False,23155
3412,2023-07-31,1970,1970,1972,1950,1959,False,1025
3413,2023-08-01,1941,1941,1965,1941,1965,False,688
3414,2023-08-02,1937,1937,1954,1933,1948,False,652
3415,2023-08-03,1932,1932,1936,1928,1934,False,773
3416,2023-08-04,1940,1940,1945,1920,1935,False,290
3417,2023-08-07,1934,1934,1941,1930,1941,False,376
3418,2023-08-08,1924,1924,1933,1923,1932,False,555
3419,2023-08-09,1915,1915,1929,1914,1925,False,451
3420,2023-08-10,1914,1914,1928,1911,1921,False,178
3421,2023-08-11,1913,1913,1917,1912,1913,False,57
3422,2023-08-14,1911,1911,1913,1903,1909,False,46
3423,2023-08-15,1902,1902,1908,1895,1906,False,73
3424,2023-08-16,1896,1896,1904,1890,1904,False,22
3425,2023-08-17,1884,1884,1902,1884,1894,False,245
3426,2023-08-18,1886,1886,1892,1886,1892,False,19
3427,2023-08-21,1893,1893,1894,1893,1894,False,876
3428,2023-08-22,1896,1896,1897,1893,1895,False,46
3429,2023-08-23,1918,1918,1918,1910,1910,False,547
3430,2023-08-24,1918,1918,1921,1918,1920,False,337
3431,2023-08-25,1911,1911,1920,1911,1920,False,195
3432,2023-08-28,1918,1918,1922,1916,1916,False,99
3433,2023-08-29,1936,1936,1936,1917,1918,False,1674
3434,2023-08-30,1944,1944,1946,1935,1936,False,396
3435,2023-08-31,1938,1938,1944,1938,1944,False,491
3436,2023-09-01,1940,1940,1950,1937,1950,False,167
3437,2023-09-05,1926,1926,1934,1925,1934,False,113
3438,2023-09-06,1918,1918,1925,1916,1924,False,24
3439,2023-09-07,1918,1918,1922,1918,1918,False,41
3440,2023-09-08,1918,1918,1925,1918,1924,False,105
3441,2023-09-11,1923,1923,1928,1922,1923,False,50
3442,2023-09-12,1911,1911,1921,1911,1921,False,365
3443,2023-09-13,1909,1909,1915,1909,1910,False,15
3444,2023-09-14,1910,1910,1910,1903,1903,False,169
3445,2023-09-15,1924,1924,1927,1924,1924,False,8
3446,2023-09-18,1932,1932,1932,1926,1928,False,19
3447,2023-09-19,1932,1932,1934,1932,1934,False,6
3448,2023-09-20,1946,1946,1946,1929,1946,False,119
3449,2023-09-21,1919,1919,1924,1919,1924,False,9
3450,2023-09-22,1925,1925,1925,1925,1925,False,1
3451,2023-09-25,1917,1917,1917,1917,1917,False,114
3452,2023-09-26,1900,1900,1905,1900,1905,False,161
3453,2023-09-27,1872,1872,1872,1872,1872,False,12251
3454,2023-09-28,1860,1860,1878,1857,1876,False,4654
3455,2023-09-29,1848,1848,1872,1846,1864,False,1605
3456,2023-10-02,1830,1830,1846,1827,1844,False,2309
3457,2023-10-03,1825,1825,1831,1817,1825,False,310
3458,2023-10-04,1818,1818,1828,1816,1822,False,357
3459,2023-10-05,1817,1817,1826,1816,1826,False,393
3460,2023-10-06,1830,1830,1832,1809,1819,False,390
3461,2023-10-09,1850,1850,1862,1842,1842,False,232
3462,2023-10-10,1861,1861,1861,1853,1857,False,236
3463,2023-10-11,1873,1873,1875,1869,1870,False,65
3464,2023-10-12,1869,1869,1881,1867,1875,False,46
3465,2023-10-13,1927,1927,1930,1878,1878,False,43
3466,2023-10-16,1921,1921,1921,1910,1910,False,53
3467,2023-10-17,1923,1923,1926,1914,1914,False,103
3468,2023-10-18,1955,1955,1958,1935,1935,False,67
3469,2023-10-19,1968,1968,1978,1946,1950,False,1945
3470,2023-10-20,1982,1982,1989,1980,1981,False,557
3471,2023-10-23,1976,1976,1979,1973,1976,False,127
3472,2023-10-24,1975,1975,1975,1970,1970,False,10
3473,2023-10-25,1984,1984,1985,1971,1971,False,97
3474,2023-10-26,1987,1987,1988,1980,1988,False,521
3475,2023-10-27,1989,1989,1989,1989,1989,False,372
3476,2023-10-30,1996,1996,2004,1992,2004,False,157
3477,2023-10-31,1985,1985,2001,1984,1996,False,84
3478,2023-11-01,1979,1979,1990,1978,1990,False,41
3479,2023-11-02,1986,1986,1990,1980,1989,False,39
3480,2023-11-03,1992,1992,1992,1989,1989,False,12
3481,2023-11-06,1982,1982,1982,1977,1982,False,130
3482,2023-11-07,1967,1967,1967,1961,1966,False,20
3483,2023-11-08,1952,1952,1968,1948,1968,False,43
3484,2023-11-09,1964,1964,1964,1945,1952,False,10
3485,2023-11-10,1933,1933,1960,1933,1960,False,375
3486,2023-11-13,1946,1946,1947,1934,1940,False,191
3487,2023-11-14,1962,1962,1966,1962,1966,False,2
3488,2023-11-15,1960,1960,1963,1960,1963,False,6
3489,2023-11-16,1984,1984,1984,1965,1965,False,39
3490,2023-11-17,1982,1982,1984,1980,1982,False,32
3491,2023-11-20,1978,1978,1979,1970,1979,False,182
3492,2023-11-21,1999,1999,2006,1988,1991,False,16
3493,2023-11-22,1991,1991,1999,1991,1999,False,6075
3494,2023-11-24,2002,2002,2002,1992,1992,False,63
3495,2023-11-27,2012,2012,2012,2012,2012,False,228
3496,2023-11-28,2040,2040,2043,2040,2041,False,174665
3497,2023-11-29,2047,2047,2052,2036,2042,False,15290
3498,2023-11-30,2038,2038,2047,2033,2046,False,2506
3499,2023-12-01,2071,2071,2073,2036,2038,False,614
3500,2023-12-04,2024,2024,2130,2021,2075,False,1071
3501,2023-12-05,2018,2018,2037,2010,2035,False,289
3502,2023-12-06,2030,2030,2036,2019,2020,False,417
3503,2023-12-07,2030,2030,2035,2024,2029,False,67
3504,2023-12-08,1998,1998,2033,1995,2032,False,449
3505,2023-12-11,1978,1978,2004,1977,2004,False,651
3506,2023-12-12,1978,1978,1994,1978,1984,False,95
3507,2023-12-13,1982,1982,2025,1975,1978,False,2252
3508,2023-12-14,2030,2030,2040,2024,2025,False,236
3509,2023-12-15,2021,2021,2043,2018,2033,False,261
3510,2023-12-18,2026,2026,2033,2024,2024,False,100
3511,2023-12-19,2038,2038,2043,2025,2025,False,498
3512,2023-12-20,2034,2034,2037,2030,2037,False,258
3513,2023-12-21,2039,2039,2044,2033,2036,False,228
3514,2023-12-22,2057,2057,2069,2052,2056,False,202
3515,2023-12-26,2058,2058,2061,2054,2060,False,64
3516,2023-12-27,2082,2082,2082,2065,2067,False,586
3517,2023-12-28,2074,2074,2087,2066,2082,False,338
3518,2023-12-29,2062,2062,2069,2062,2068,False,47
3519,2024-01-02,2064,2064,2074,2057,2064,False,61
3520,2024-01-03,2034,2034,2044,2034,2034,False,54
3521,2024-01-04,2042,2042,2044,2038,2042,False,88
3522,2024-01-05,2042,2042,2048,2042,2044,False,12
3523,2024-01-08,2027,2027,2034,2019,2019,False,10
3524,2024-01-09,2026,2026,2036,2026,2036,False,27
3525,2024-01-10,2022,2022,2036,2022,2029,False,538
3526,2024-01-11,2014,2014,2025,2014,2025,False,97
3527,2024-01-12,2047,2047,2057,2031,2031,False,390
3528,2024-01-16,2026,2026,2055,2026,2052,False,46
3529,2024-01-17,2003,2003,2026,2003,2026,False,764
3530,2024-01-18,2019,2019,2019,2010,2013,False,1474
3531,2024-01-19,2026,2026,2036,2020,2023,False,50
3532,2024-01-22,2020,2020,2021,2020,2021,False,12
3533,2024-01-23,2024,2024,2030,2022,2030,False,15
3534,2024-01-24,2014,2014,2033,2014,2023,False,253
3535,2024-01-25,2017,2017,2022,2012,2012,False,548
3536,2024-01-26,2017,2017,2022,2017,2022,False,49
3537,2024-01-29,2025,2025,2025,2025,2025,False,150708
3538,2024-01-30,2032,2032,2048,2028,2032,False,26907
3539,2024-01-31,2048,2048,2055,2030,2035,False,2007
3540,2024-02-01,2053,2053,2064,2029,2040,False,947
3541,2024-02-02,2036,2036,2056,2028,2055,False,888
3542,2024-02-05,2026,2026,2041,2014,2039,False,412
3543,2024-02-06,2034,2034,2037,2026,2026,False,249
3544,2024-02-07,2035,2035,2040,2033,2033,False,71
3545,2024-02-08,2032,2032,2037,2020,2028,False,341
3546,2024-02-09,2023,2023,2032,2020,2032,False,62
3547,2024-02-12,2018,2018,2026,2012,2026,False,317
3548,2024-02-13,1993,1993,2026,1990,2025,False,198
3549,2024-02-14,1990,1990,1994,1985,1990,False,1916
3550,2024-02-15,2002,2002,2007,1994,1994,False,286
3551,2024-02-16,2012,2012,2012,1996,2005,False,32
3552,2024-02-20,2028,2028,2029,2016,2016,False,1326
3553,2024-02-21,2022,2022,2028,2022,2028,False,15
3554,2024-02-22,2020,2020,2033,2020,2033,False,964
3555,2024-02-23,2039,2039,2039,2015,2026,False,22
3556,2024-02-26,2028,2028,2035,2025,2034,False,143
3557,2024-02-27,2034,2034,2036,2034,2036,False,964
3558,2024-02-28,2033,2033,2037,2025,2030,False,581
3559,2024-02-29,2046,2046,2050,2034,2034,False,706
3560,2024-03-01,2087,2087,2087,2042,2043,False,1210
3561,2024-03-04,2118,2118,2120,2081,2084,False,805
3562,2024-03-05,2134,2134,2134,2111,2115,False,1287
3563,2024-03-06,2150,2150,2150,2126,2126,False,443
3564,2024-03-07,2158,2158,2163,2147,2147,False,152
3565,2024-03-08,2179,2179,2195,2166,2167,False,259
3566,2024-03-11,2182,2182,2184,2177,2181,False,738
3567,2024-03-12,2160,2160,2183,2160,2182,False,550
3568,2024-03-13,2175,2175,2175,2162,2162,False,20
3569,2024-03-14,2163,2163,2163,2162,2163,False,515
3570,2024-03-15,2157,2157,2162,2157,2162,False,100
3571,2024-03-18,2161,2161,2161,2146,2146,False,21
3572,2024-03-19,2156,2156,2156,2156,2156,False,12
3573,2024-03-20,2158,2158,2186,2151,2157,False,17
3574,2024-03-21,2182,2182,2212,2182,2207,False,63
3575,2024-03-22,2158,2158,2180,2158,2179,False,19
3576,2024-03-25,2175,2175,2179,2166,2166,False,79
3577,2024-03-26,2176,2176,2183,2176,2183,False,202373
3578,2024-03-27,2191,2191,2196,2172,2179,False,31200
3579,2024-03-28,2217,2217,2234,2187,2194,False,2040
3580,2024-04-01,2236,2236,2264,2230,2236,False,400
3581,2024-04-02,2261,2261,2279,2248,2252,False,435
3582,2024-04-03,2294,2294,2299,2268,2282,False,285
3583,2024-04-04,2289,2289,2303,2280,2302,False,251
3584,2024-04-05,2326,2326,2328,2267,2289,False,344
3585,2024-04-08,2332,2332,2342,2319,2326,False,202
3586,2024-04-09,2344,2344,2365,2338,2338,False,211
3587,2024-04-10,2330,2330,2358,2328,2347,False,377
3588,2024-04-11,2355,2355,2376,2331,2342,False,283
3589,2024-04-12,2356,2356,2429,2334,2377,False,584
3590,2024-04-15,2366,2366,2385,2326,2362,False,1801
3591,2024-04-16,2391,2391,2391,2371,2384,False,41
3592,2024-04-17,2372,2372,2391,2369,2384,False,37
3593,2024-04-18,2382,2382,2384,2368,2368,False,128
3594,2024-04-19,2398,2398,2400,2377,2379,False,160
3595,2024-04-22,2332,2332,2383,2327,2383,False,53
3596,2024-04-23,2328,2328,2331,2294,2328,False,171
3597,2024-04-24,2324,2324,2329,2315,2321,False,95
3598,2024-04-25,2330,2330,2330,2305,2315,False,1024
3599,2024-04-26,2335,2335,2348,2333,2348,False,717
3600,2024-04-29,2345,2345,2346,2328,2335,False,405
3601,2024-04-30,2291,2291,2322,2291,2322,False,113
3602,2024-05-01,2300,2300,2327,2284,2288,False,42
3603,2024-05-02,2299,2299,2325,2292,2322,False,56
3604,2024-05-03,2299,2299,2301,2278,2300,False,194
3605,2024-05-06,2322,2322,2326,2314,2323,False,9
3606,2024-05-07,2315,2315,2324,2315,2324,False,25
3607,2024-05-08,2314,2314,2314,2314,2314,False,4
3608,2024-05-09,2332,2332,2340,2311,2311,False,5
3609,2024-05-10,2367,2367,2367,2367,2367,False,126
3610,2024-05-13,2336,2336,2358,2336,2358,False,14
3611,2024-05-14,2353,2353,2358,2336,2336,False,6
3612,2024-05-15,2389,2389,2389,2356,2362,False,29
3613,2024-05-16,2380,2380,2392,2380,2390,False,7
3614,2024-05-17,2412,2412,2416,2381,2381,False,213
3615,2024-05-20,2434,2434,2436,2410,2416,False,40
3616,2024-05-21,2422,2422,2430,2421,2430,False,6
3617,2024-05-22,2389,2389,2418,2376,2418,False,180
3618,2024-05-23,2335,2335,2371,2335,2371,False,365
3619,2024-05-24,2332,2332,2345,2332,2343,False,25
3620,2024-05-28,2355,2355,2360,2337,2337,False,26
3621,2024-05-29,2340,2340,2340,2340,2340,False,119317
3622,2024-05-30,2343,2343,2350,2321,2337,False,32587
3623,2024-05-31,2323,2323,2354,2319,2344,False,941
3624,2024-06-03,2347,2347,2348,2312,2323,False,781
3625,2024-06-04,2326,2326,2348,2314,2348,False,890
3626,2024-06-05,2354,2354,2354,2326,2326,False,295
3627,2024-06-06,2370,2370,2376,2355,2355,False,179
3628,2024-06-07,2305,2305,2385,2285,2380,False,269
3629,2024-06-10,2308,2308,2309,2290,2291,False,69
3630,2024-06-11,2308,2308,2314,2300,2300,False,871
3631,2024-06-12,2336,2336,2339,2310,2315,False,132
3632,2024-06-13,2300,2300,2318,2296,2309,False,298
3633,2024-06-14,2331,2331,2331,2306,2307,False,948
3634,2024-06-17,2312,2312,2320,2310,2320,False,110
3635,2024-06-18,2330,2330,2330,2312,2312,False,43
3636,2024-06-20,2354,2354,2354,2328,2329,False,183
3637,2024-06-21,2316,2316,2331,2316,2331,False,76
3638,2024-06-24,2330,2330,2333,2323,2323,False,99
3639,2024-06-25,2317,2317,2333,2317,2324,False,105
3640,2024-06-26,2299,2299,2314,2298,2308,False,986
3641,2024-06-27,2324,2324,2329,2295,2297,False,1532
3642,2024-06-28,2328,2328,2338,2319,2325,False,92
3643,2024-07-01,2328,2328,2330,2322,2324,False,237
3644,2024-07-02,2323,2323,2335,2323,2331,False,30
3645,2024-07-03,2360,2360,2362,2331,2331,False,59
3646,2024-07-05,2388,2388,2388,2355,2355,False,72
3647,2024-07-08,2355,2355,2384,2353,2382,False,64
3648,2024-07-09,2360,2360,2364,2360,2363,False,9
3649,2024-07-10,2372,2372,2377,2366,2366,False,19
3650,2024-07-11,2415,2415,2417,2379,2379,False,72
3651,2024-07-12,2414,2414,2414,2391,2400,False,355
3652,2024-07-15,2423,2423,2436,2423,2430,False,540
3653,2024-07-16,2462,2462,2462,2427,2427,False,93
3654,2024-07-17,2455,2455,2473,2455,2473,False,10
3655,2024-07-18,2452,2452,2466,2452,2466,False,2
3656,2024-07-19,2396,2396,2419,2396,2419,False,15
3657,2024-07-22,2392,2392,2402,2392,2402,False,18
3658,2024-07-23,2405,2405,2405,2389,2396,False,41
3659,2024-07-24,2413,2413,2421,2412,2421,False,6
3660,2024-07-25,2352,2352,2366,2352,2366,False,31
3661,2024-07-26,2380,2380,2387,2369,2369,False,95
3662,2024-07-29,2377,2377,2377,2377,2377,False,126409
3663,2024-07-30,2405,2405,2409,2374,2381,False,25944
3664,2024-07-31,2426,2426,2448,2403,2407,False,1313
3665,2024-08-01,2435,2435,2455,2430,2447,False,690
3666,2024-08-02,2426,2426,2477,2416,2444,False,550
3667,2024-08-05,2402,2402,2450,2367,2442,False,334
3668,2024-08-06,2389,2389,2422,2380,2414,False,163
3669,2024-08-07,2390,2390,2401,2384,2392,False,130
3670,2024-08-08,2422,2422,2423,2384,2384,False,201
3671,2024-08-09,2432,2432,2432,2418,2422,False,611
3672,2024-08-12,2462,2462,2470,2432,2433,False,566
3673,2024-08-13,2467,2467,2470,2456,2461,False,510
3674,2024-08-14,2439,2439,2472,2439,2468,False,274
3675,2024-08-15,2453,2453,2468,2431,2452,False,285
3676,2024-08-16,2499,2499,2508,2451,2454,False,197
3677,2024-08-19,2502,2502,2508,2487,2508,False,88
3678,2024-08-20,2511,2511,2527,2501,2504,False,187
3679,2024-08-21,2508,2508,2515,2504,2511,False,96
3680,2024-08-22,2479,2479,2504,2471,2504,False,210
3681,2024-08-23,2508,2508,2508,2486,2486,False,94
3682,2024-08-26,2518,2518,2523,2509,2510,False,290
3683,2024-08-27,2516,2516,2523,2507,2515,False,100
3684,2024-08-28,2501,2501,2501,2501,2501,False,2353
3685,2024-08-29,2526,2526,2526,2504,2504,False,3966
3686,2024-08-30,2494,2494,2525,2494,2520,False,208
3687,2024-09-03,2490,2490,2502,2476,2502,False,206
3688,2024-09-04,2493,2493,2493,2484,2491,False,470
3689,2024-09-05,2511,2511,2513,2493,2494,False,54
3690,2024-09-06,2494,2494,2518,2484,2510,False,96
3691,2024-09-09,2502,2502,2505,2491,2491,False,96
3692,2024-09-10,2512,2512,2512,2512,2512,False,5
3693,2024-09-11,2512,2512,2526,2502,2526,False,90
3694,2024-09-12,2551,2551,2557,2523,2529,False,132
3695,2024-09-13,2581,2581,2582,2565,2569,False,31
3696,2024-09-16,2580,2580,2580,2580,2580,False,28
3697,2024-09-17,2564,2564,2582,2564,2581,False,22
3698,2024-09-18,2571,2571,2571,2549,2571,False,25
3699,2024-09-19,2588,2588,2588,2566,2566,False,99
3700,2024-09-20,2620,2620,2622,2590,2590,False,17
3701,2024-09-23,2626,2626,2626,2626,2626,False,9
3702,2024-09-24,2651,2651,2662,2626,2637,False,35
3703,2024-09-25,2659,2659,2664,2649,2656,False,175
3704,2024-09-26,2670,2670,2670,2661,2662,False,17216
3705,2024-09-27,2644,2644,2672,2642,2670,False,4228
3706,2024-09-30,2636,2636,2662,2623,2661,False,973
3707,2024-10-01,2667,2667,2671,2631,2631,False,153
3708,2024-10-02,2647,2647,2657,2640,2651,False,72
3709,2024-10-03,2657,2657,2657,2640,2643,False,354
3710,2024-10-04,2646,2646,2667,2639,2656,False,114
3711,2024-10-07,2645,2645,2657,2639,2649,False,284
3712,2024-10-08,2615,2615,2639,2609,2639,False,687
3713,2024-10-09,2606,2606,2608,2603,2603,False,152
3714,2024-10-10,2621,2621,2628,2602,2602,False,320
3715,2024-10-11,2658,2658,2658,2638,2638,False,12
3716,2024-10-14,2648,2648,2655,2648,2655,False,40
3717,2024-10-15,2661,2661,2661,2661,2661,False,39
3718,2024-10-16,2674,2674,2674,2674,2674,False,6
3719,2024-10-17,2691,2691,2692,2677,2677,False,30
3720,2024-10-18,2714,2714,2720,2714,2714,False,29
3721,2024-10-21,2723,2723,2738,2720,2722,False,52
3722,2024-10-22,2744,2744,2746,2729,2732,False,93
3723,2024-10-23,2714,2714,2742,2714,2742,False,18
3724,2024-10-24,2735,2735,2736,2729,2729,False,27
3725,2024-10-25,2741,2741,2742,2726,2726,False,29
3726,2024-10-28,2743,2743,2743,2730,2736,False,56
3727,2024-10-29,2768,2768,2768,2768,2768,False,848
3728,2024-10-30,2788,2788,2789,2775,2775,False,231
3729,2024-10-31,2738,2738,2788,2734,2787,False,849
3730,2024-11-01,2739,2739,2756,2734,2746,False,109
3731,2024-11-04,2736,2736,2737,2736,2736,False,16
3732,2024-11-05,2740,2740,2744,2740,2743,False,23
3733,2024-11-06,2668,2668,2734,2659,2734,False,427
3734,2024-11-07,2698,2698,2699,2662,2662,False,676
3735,2024-11-08,2688,2688,2695,2683,2688,False,1038
3736,2024-11-11,2611,2611,2672,2611,2672,False,20
3737,2024-11-12,2600,2600,2606,2593,2606,False,118
3738,2024-11-13,2581,2581,2612,2581,2611,False,53
3739,2024-11-14,2568,2568,2576,2554,2555,False,27
3740,2024-11-15,2566,2566,2566,2566,2566,False,20
3741,2024-11-18,2611,2611,2611,2589,2592,False,136
3742,2024-11-19,2627,2627,2628,2619,2622,False,87
3743,2024-11-20,2648,2648,2648,2638,2638,False,27
3744,2024-11-21,2672,2672,2672,2656,2659,False,33
3745,2024-11-22,2710,2710,2710,2686,2688,False,41
3746,2024-11-25,2617,2617,2689,2617,2689,False,94
3747,2024-11-26,2620,2620,2626,2620,2626,False,177858
3748,2024-11-27,2640,2640,2658,2627,2634,False,61653
3749,2024-11-29,2657,2657,2664,2621,2636,False,3861
3750,2024-12-02,2635,2635,2650,2622,2649,False,695
3751,2024-12-03,2645,2645,2655,2636,2639,False,1062
3752,2024-12-04,2654,2654,2658,2637,2639,False,249
3753,2024-12-05,2627,2627,2655,2626,2652,False,573
3754,2024-12-06,2639,2639,2643,2618,2620,False,571
3755,2024-12-09,2665,2665,2677,2631,2632,False,935
3756,2024-12-10,2698,2698,2698,2661,2662,False,437
3757,2024-12-11,2734,2734,2734,2693,2702,False,3387
3758,2024-12-12,2688,2688,2725,2677,2725,False,2365
3759,2024-12-13,2656,2656,2689,2648,2688,False,1125
3760,2024-12-16,2651,2651,2663,2651,2658,False,877
3761,2024-12-17,2644,2644,2652,2632,2652,False,705
3762,2024-12-18,2636,2636,2647,2590,2644,False,566
3763,2024-12-19,2592,2592,2610,2582,2582,False,238
3764,2024-12-20,2629,2629,2632,2605,2605,False,592
3765,2024-12-23,2612,2612,2628,2611,2620,False,451
3766,2024-12-24,2620,2620,2620,2610,2613,False,35
3767,2024-12-26,2639,2639,2639,2628,2628,False,84
3768,2024-12-27,2617,2617,2618,2616,2618,False,642
3769,2024-12-30,2606,2606,2627,2597,2621,False,794
3770,2024-12-31,2629,2629,2629,2605,2608,False,401
3771,2025-01-02,2659,2659,2663,2633,2633,False,1728
3772,2025-01-03,2645,2645,2659,2642,2659,False,591
3773,2025-01-06,2638,2638,2647,2617,2646,False,960
3774,2025-01-07,2657,2657,2658,2653,2653,False,643
3775,2025-01-08,2664,2664,2677,2654,2656,False,999
3776,2025-01-09,2684,2684,2686,2668,2670,False,1139
3777,2025-01-10,2708,2708,2720,2684,2686,False,403
3778,2025-01-13,2674,2674,2711,2674,2711,False,765
3779,2025-01-14,2678,2678,2688,2671,2674,False,794
3780,2025-01-15,2712,2712,2712,2691,2691,False,930
3781,2025-01-16,2746,2746,2750,2732,2732,False,1721
3782,2025-01-17,2744,2744,2752,2726,2736,False,1214
3783,2025-01-21,2755,2755,2755,2725,2746,False,1439
3784,2025-01-22,2768,2768,2769,2754,2754,False,2079
3785,2025-01-23,2763,2763,2765,2745,2760,False,2201
3786,2025-01-24,2777,2777,2792,2760,2760,False,1593
3787,2025-01-27,2738,2738,2762,2738,2761,False,984
3788,2025-01-28,2767,2767,2767,2738,2738,False,2307
3789,2025-01-29,2769,2769,2769,2769,2769,False,125692
3790,2025-01-30,2823,2823,2830,2770,2772,False,40141
3791,2025-01-31,2812,2812,2838,2804,2829,False,3443
3792,2025-02-03,2834,2834,2848,2781,2818,False,2649
3793,2025-02-04,2853,2853,2853,2816,2828,False,2187
3794,2025-02-05,2872,2872,2880,2848,2850,False,4519
3795,2025-02-06,2856,2856,2872,2836,2865,False,3116
3796,2025-02-07,2867,2867,2890,2858,2860,False,1822
3797,2025-02-10,2914,2914,2916,2864,2864,False,2237
3798,2025-02-11,2912,2912,2945,2890,2926,False,2554
3799,2025-02-12,2909,2909,2912,2869,2902,False,2504
3800,2025-02-13,2926,2926,2938,2911,2911,False,4670
3801,2025-02-14,2884,2884,2944,2875,2937,False,1992
3802,2025-02-18,2932,2932,2936,2874,2879,False,4010
3803,2025-02-19,2919,2919,2946,2917,2939,False,2630
3804,2025-02-20,2940,2940,2956,2924,2949,False,656
3805,2025-02-21,2938,2938,2940,2917,2939,False,570
3806,2025-02-24,2948,2948,2958,2933,2933,False,415
3807,2025-02-25,2904,2904,2943,2890,2939,False,1854
3808,2025-02-26,2917,2917,2917,2913,2914,False,2050
3809,2025-02-27,2883,2883,2923,2870,2918,False,3215
3810,2025-02-28,2837,2837,2877,2834,2877,False,990
3811,2025-03-03,2890,2890,2892,2863,2873,False,423
3812,2025-03-04,2910,2910,2928,2886,2886,False,885
3813,2025-03-05,2915,2915,2922,2893,2917,False,551
3814,2025-03-06,2917,2917,2919,2904,2904,False,870
3815,2025-03-07,2905,2905,2927,2900,2901,False,531
3816,2025-03-10,2891,2891,2915,2880,2910,False,55
3817,2025-03-11,2913,2913,2917,2880,2884,False,197
3818,2025-03-12,2939,2939,2939,2910,2912,False,213
3819,2025-03-13,2984,2984,2988,2935,2937,False,2366
3820,2025-03-14,2994,2994,3005,2986,2994,False,1800
3821,2025-03-17,3000,3000,3002,2989,2991,False,214
3822,2025-03-18,3035,3035,3039,3004,3006,False,428
3823,2025-03-19,3036,3036,3051,3031,3035,False,175
3824,2025-03-20,3040,3040,3047,3034,3047,False,185
3825,2025-03-21,3018,3018,3038,3001,3034,False,151
3826,2025-03-24,3013,3013,3024,3006,3024,False,137
3827,2025-03-25,3024,3024,3029,3024,3026,False,74
3828,2025-03-26,3021,3021,3033,3020,3033,False,83
3829,2025-03-27,3060,3060,3065,3026,3026,False,124359
3830,2025-03-28,3086,3086,3095,3067,3070,False,31206
3831,2025-03-31,3123,3123,3132,3086,3091,False,3438
3832,2025-04-01,3119,3119,3150,3104,3130,False,1721
3833,2025-04-02,3140,3140,3169,3117,3121,False,5946
3834,2025-04-03,3097,3097,3167,3052,3150,False,5516
3835,2025-04-04,3012,3012,3128,3011,3110,False,3247
3836,2025-04-07,2951,2951,3051,2950,3016,False,4424
3837,2025-04-08,2968,2968,3014,2968,2994,False,3213
3838,2025-04-09,3056,3056,3090,2966,2966,False,2175
3839,2025-04-10,3155,3155,3167,3072,3074,False,3456
3840,2025-04-11,3222,3222,3235,3182,3182,False,862
3841,2025-04-14,3205,3205,3229,3194,3216,False,263
3842,2025-04-15,3219,3219,3219,3214,3216,False,390
3843,2025-04-16,3327,3327,3335,3238,3238,False,1874
3844,2025-04-17,3309,3309,3345,3288,3345,False,824
3845,2025-04-21,3406,3406,3418,3342,3342,False,78
3846,2025-04-22,3401,3401,3486,3362,3422,False,785
3847,2025-04-23,3276,3276,3370,3256,3321,False,331
3848,2025-04-24,3332,3332,3354,3305,3305,False,560
3849,2025-04-25,3282,3282,3356,3266,3356,False,162
3850,2025-04-28,3332,3332,3332,3284,3284,False,1300
3851,2025-04-29,3319,3319,3340,3300,3340,False,1278
3852,2025-04-30,3305,3305,3319,3268,3319,False,207
3853,2025-05-01,3210,3210,3275,3199,3273,False,2131
3854,2025-05-02,3232,3232,3257,3225,3240,False,1349
3855,2025-05-05,3311,3311,3316,3240,3243,False,244
3856,2025-05-06,3411,3411,3431,3357,3366,False,2357
3857,2025-05-07,3381,3381,3419,3365,3419,False,1080
3858,2025-05-08,3297,3297,3390,3289,3390,False,200
3859,2025-05-09,3335,3335,3336,3299,3299,False,216
3860,2025-05-12,3220,3220,3301,3205,3301,False,886
3861,2025-05-13,3240,3240,3251,3224,3232,False,2424
3862,2025-05-14,3181,3181,3233,3172,3233,False,3518
3863,2025-05-15,3221,3221,3228,3125,3151,False,652
3864,2025-05-16,3182,3182,3228,3174,3228,False,199
3865,2025-05-19,3229,3229,3241,3228,3234,False,266
3866,2025-05-20,3280,3280,3293,3208,3219,False,356
3867,2025-05-21,3309,3309,3318,3290,3293,False,979
3868,2025-05-22,3292,3292,3328,3283,3327,False,1210
3869,2025-05-23,3364,3364,3364,3324,3328,False,47
3870,2025-05-26,3341,3341,3351,3323,3346,True,82399
3871,2025-05-27,3299,3299,3341,3296,3332,False,189
3872,2025-05-28,3294,3294,3294,3294,3294,False,127758
3873,2025-05-29,3317,3317,3329,3242,3284,False,24370
3874,2025-05-30,3289,3289,3318,3271,3315,False,2213
3875,2025-06-02,3371,3371,3381,3297,3297,False,976
3876,2025-06-03,3350,3350,3390,3331,3385,False,6410
3877,2025-06-04,3374,3374,3380,3344,3355,False,207
3878,2025-06-05,3351,3351,3400,3344,3372,False,731
3879,2025-06-06,3323,3323,3364,3306,3364,False,81
3880,2025-06-09,3332,3332,3335,3290,3316,False,1887
3881,2025-06-10,3321,3321,3344,3302,3302,False,65
3882,2025-06-11,3321,3321,3356,3321,3328,False,2106
3883,2025-06-12,3381,3381,3396,3353,3363,False,1818
3884,2025-06-13,3431,3431,3444,3407,3407,False,499
3885,2025-06-16,3396,3396,3442,3385,3442,False,480
3886,2025-06-17,3387,3387,3398,3376,3398,False,1477
3887,2025-06-18,3390,3390,3392,3365,3385,True,170347
3888,2025-06-19,3372,3372,3397,3361,3391,True,266784
3889,2025-06-20,3368,3368,3373,3341,3350,False,709
3890,2025-06-23,3378,3378,3388,3350,3366,False,30
3891,2025-06-24,3317,3317,3358,3301,3358,False,538
3892,2025-06-25,3327,3327,3331,3311,3322,False,373
3893,2025-06-26,3334,3334,3334,3332,3332,False,2058
3894,2025-06-27,3274,3274,3319,3254,3319,False,284
3895,2025-06-30,3294,3294,3307,3262,3266,False,1242
3896,2025-07-01,3337,3337,3354,3310,3310,False,371
3897,2025-07-02,3348,3348,3358,3329,3329,False,39
3898,2025-07-03,3332,3332,3362,3322,3362,True,121019
3899,2025-07-04,3332,3332,3342,3332,3342,True,59917
3900,2025-07-07,3332,3332,3333,3299,3306,False,254
3901,2025-07-08,3307,3307,3334,3288,3330,False,909
3902,2025-07-09,3312,3312,3314,3282,3289,False,114
3903,2025-07-10,3317,3317,3330,3312,3324,False,209
3904,2025-07-11,3356,3356,3370,3330,3330,False,776
3905,2025-07-14,3352,3352,3376,3350,3367,False,583
3906,2025-07-15,3330,3330,3341,3330,3341,False,210
3907,2025-07-16,3352,3352,3353,3330,3341,False,10
3908,2025-07-17,3340,3340,3341,3314,3314,False,667
3909,2025-07-18,3353,3353,3353,3338,3338,False,602
3910,2025-07-21,3402,3402,3412,3350,3350,False,53
3911,2025-07-22,3439,3439,3441,3396,3411,False,39
3912,2025-07-23,3394,3394,3434,3388,3430,False,63
3913,2025-07-24,3371,3371,3371,3367,3367,False,1175
3914,2025-07-25,3334,3334,3345,3326,3344,False,67
3915,2025-07-28,3309,3309,3327,3309,3327,False,533
3916,2025-07-29,3323,3323,3323,3323,3323,False,113144
3917,2025-07-30,3296,3296,3332,3264,3326,False,19252
3918,2025-07-31,3293,3293,3312,3273,3273,False,3704
3919,2025-08-01,3348,3348,3361,3281,3286,False,3420
3920,2025-08-04,3374,3374,3386,3347,3368,False,351
3921,2025-08-05,3382,3382,3387,3351,3378,False,915
3922,2025-08-06,3380,3380,3383,3361,3381,False,1492
3923,2025-08-07,3400,3400,3423,3385,3385,False,5464
3924,2025-08-08,3439,3439,3477,3402,3439,False,7657
3925,2025-08-11,3353,3353,3384,3349,3384,False,1488
3926,2025-08-12,3349,3349,3356,3330,3356,False,1611
3927,2025-08-13,3359,3359,3363,3359,3359,False,1011
3928,2025-08-14,3335,3335,3356,3329,3347,False,592
3929,2025-08-15,3336,3336,3347,3336,3347,False,1185
3930,2025-08-18,3332,3332,3348,3332,3334,False,646
3931,2025-08-19,3313,3313,3344,3313,3330,False,1655
3932,2025-08-20,3343,3343,3344,3310,3311,False,1213
3933,2025-08-21,3337,3337,3349,3326,3349,False,142
3934,2025-08-22,3374,3374,3378,3349,3349,False,1240
3935,2025-08-25,3374,3374,3378,3366,3366,False,1044
3936,2025-08-26,3389,3389,3396,3371,3379,False,905
3937,2025-08-27,3405,3405,3405,3382,3397,False,3222
3938,2025-08-28,3432,3432,3435,3400,3409,False,1035
3939,2025-08-29,3474,3474,3476,3427,3432,True,163635
3940,2025-09-02,3549,3549,3559,3486,3486,False,658
3941,2025-09-03,3593,3593,3594,3553,3555,False,72
3942,2025-09-04,3566,3566,3574,3550,3550,False,237
3943,2025-09-05,3613,3613,3613,3568,3568,False,925
3944,2025-09-08,3638,3638,3641,3590,3594,False,97
3945,2025-09-09,3643,3643,3670,3628,3647,False,535
3946,2025-09-10,3644,3644,3655,3621,3625,False,136
3947,2025-09-11,3637,3637,3637,3618,3633,False,307
3948,2025-09-12,3649,3649,3657,3643,3656,False,1300
3949,2025-09-15,3682,3682,3686,3635,3640,False,210
3950,2025-09-16,3689,3689,3699,3681,3681,False,373
3951,2025-09-17,3682,3682,3685,3662,3669,False,183
3952,2025-09-18,3644,3644,3667,3637,3655,False,80
3953,2025-09-19,3672,3672,3686,3658,3659,False,211
3954,2025-09-22,3741,3741,3748,3688,3688,False,410
3955,2025-09-23,3781,3781,3786,3740,3747,False,627
3956,2025-09-24,3732,3732,3772,3732,3770,False,588
3957,2025-09-25,3737,3737,3756,3725,3743,False,1899
3958,2025-09-26,3775,3775,3775,3775,3775,False,19308
3959,2025-09-29,3821,3821,3828,3755,3755,False,8860
3960,2025-09-30,3841,3841,3866,3793,3828,False,1611
3961,2025-10-01,3868,3868,3892,3853,3864,False,1778
3962,2025-10-02,3840,3840,3889,3824,3856,False,3418
3963,2025-10-03,3881,3881,3887,3854,3855,False,392
3964,2025-10-06,3948,3948,3960,3927,3931,False,1267
3965,2025-10-07,3977,3977,3982,3940,3959,False,2903
3966,2025-10-08,4043,4043,4049,3987,3987,False,2179
3967,2025-10-09,3946,3946,4046,3940,4011,False,3130
3968,2025-10-10,3976,3976,4012,3946,3957,False,1697
3969,2025-10-13,4109,4109,4111,4016,4016,False,1697
3970,2025-10-14,4139,4139,4160,4086,4132,False,2424
3971,2025-10-15,4177,4177,4211,4145,4145,False,3287
3972,2025-10-16,4280,4280,4307,4197,4199,False,4705
3973,2025-10-17,4190,4190,4358,4182,4355,False,4060
3974,2025-10-20,4336,4336,4357,4215,4244,False,1750
3975,2025-10-21,4088,4088,4333,4088,4333,False,2943
3976,2025-10-22,4044,4044,4148,4006,4110,False,1237
3977,2025-10-23,4126,4126,4137,4071,4078,False,354
3978,2025-10-24,4118,4118,4121,4075,4118,False,123
3979,2025-10-27,4002,4002,4079,3971,4060,False,220
3980,2025-10-28,3966,3966,3966,3924,3930,False,219
3981,2025-10-29,3984,3984,3984,3984,3984,False,1344
3982,2025-10-30,4001,4001,4027,3914,3960,False,935
3983,2025-10-31,3982,3982,4034,3977,4034,False,559
3984,2025-11-03,4000,4000,4020,3959,3976,True,212401
3985,2025-11-04,3948,3948,3995,3927,3994,False,657
3986,2025-11-05,3980,3980,3984,3930,3930,False,559
3987,2025-11-06,3980,3980,4008,3980,4004,False,650
3988,2025-11-07,3999,3999,3999,3981,3981,False,245
3989,2025-11-10,4112,4112,4112,4060,4060,False,189
3990,2025-11-11,4107,4107,4140,4107,4140,False,569
3991,2025-11-12,4204,4204,4204,4103,4116,False,396
3992,2025-11-13,4187,4187,4229,4164,4229,False,167
3993,2025-11-14,4088,4088,4198,4047,4198,False,483
3994,2025-11-17,4068,4068,4100,4019,4070,False,1552
3995,2025-11-18,4061,4061,4063,4036,4037,False,1375
3996,2025-11-19,4078,4078,4123,4072,4086,False,486
3997,2025-11-20,4056,4056,4090,4040,4045,False,202
3998,2025-11-21,4077,4077,4085,4032,4032,False,171
3999,2025-11-24,4092,4092,4092,4060,4060,False,591
4000,2025-11-25,4139,4139,4139,4139,4139,False,132704
4001,2025-11-26,4165,4165,4171,4128,4129,False,25088
4002,2025-11-28,4218,4218,4224,4140,4163,False,3615
4003,2025-12-01,4239,4239,4262,4215,4218,False,913
4004,2025-12-02,4187,4187,4230,4167,4230,False,366
4005,2025-12-03,4199,4199,4234,4196,4216,False,1897
4006,2025-12-04,4212,4212,4212,4175,4211,False,616
4007,2025-12-05,4213,4213,4256,4194,4204,False,533
4008,2025-12-08,4187,4187,4216,4176,4206,False,318
4009,2025-12-09,4207,4207,4220,4178,4191,False,660
4010,2025-12-10,4196,4196,4234,4184,4209,False,692
4011,2025-12-11,4286,4286,4287,4214,4224,False,528
4012,2025-12-12,4300,4300,4355,4260,4276,False,1531
4013,2025-12-15,4307,4307,4349,4293,4308,False,854
4014,2025-12-16,4304,4304,4321,4270,4270,False,1796
4015,2025-12-17,4348,4348,4351,4308,4308,False,2169
4016,2025-12-18,4340,4340,4348,4328,4331,False,705
4017,2025-12-19,4361,4361,4361,4350,4350,False,1065
4018,2025-12-22,4445,4445,4448,4371,4371,False,449
4019,2025-12-23,4483,4483,4504,4450,4503,False,694
4020,2025-12-24,4481,4481,4503,4468,4501,False,500
4021,2025-12-26,4529,4529,4556,4502,4512,False,263
4022,2025-12-29,4325,4325,4379,4325,4372,False,2044
4023,2025-12-30,4370,4370,4404,4338,4346,False,1837
4024,2025-12-31,4326,4326,4364,4285,4334,False,785
4025,2026-01-02,4314,4314,4351,4314,4351,False,589
4026,2026-01-05,4437,4437,4444,4385,4387,False,618
4027,2026-01-06,4482,4482,4482,4449,4450,False,459
4028,2026-01-07,4449,4449,4450,4449,4450,False,972
4029,2026-01-08,4450,4450,4461,4418,4460,False,2423
4030,2026-01-09,4490,4490,4490,4473,4473,False,237
4031,2026-01-12,4604,4604,4620,4578,4579,False,156
4032,2026-01-13,4589,4589,4617,4579,4579,False,239
4033,2026-01-14,4626,4626,4635,4608,4610,False,1313
