Date,open,high,low,close,volume,dividend,split
2019-09-03,55.0,55.24,52.84,53.94,970804,0,1.0
2019-09-04,53.92,56.58,53.84,56.26,682298,0,1.0
2019-09-05,55.95,57.76,55.75,56.3,712466,0,1.0
2019-09-06,56.19,56.95,54.83,56.52,714294,0,1.0
2019-09-09,56.8,58.16,56.58,57.85,646993,0,1.0
2019-09-10,58.03,58.76,57.2,57.4,755472,0,1.0
2019-09-11,57.89,58.3,55.61,55.75,858772,0,1.0
2019-09-12,55.93,56.34,54.0,55.09,845977,0,1.0
2019-09-13,55.15,55.68,54.44,54.85,599470,0,1.0
2019-09-16,61.48,63.38,58.77,62.9,1404916,0,1.0
2019-09-17,61.96,62.59,58.46,59.34,993237,0,1.0
2019-09-18,58.81,59.43,57.67,58.11,216961,0,1.0
2019-09-19,58.2,59.54,58.01,58.13,112327,0,1.0
2019-09-20,58.65,59.1,57.79,58.09,576019,0,1.0
2019-09-23,59.25,59.39,57.37,58.64,526785,0,1.0
2019-09-24,58.44,58.49,56.69,57.29,591529,0,1.0
2019-09-25,56.7,57.02,55.55,56.49,563550,0,1.0
2019-09-26,56.69,56.84,55.41,56.41,599653,0,1.0
2019-09-27,56.51,56.76,54.75,55.91,712966,0,1.0
2019-09-30,56.54,56.57,53.98,54.07,532522,0,1.0
2019-10-01,54.28,54.84,53.05,53.62,589176,0,1.0
2019-10-02,54.0,54.42,52.17,52.64,590306,0,1.0
2019-10-03,52.47,52.91,50.99,52.45,642466,0,1.0
2019-10-04,52.29,53.35,52.04,52.81,541104,0,1.0
2019-10-07,52.69,54.06,52.59,52.75,549019,0,1.0
2019-10-08,52.81,53.27,51.81,52.63,658324,0,1.0
2019-10-09,52.57,53.74,52.31,52.59,632666,0,1.0
2019-10-10,52.69,53.97,51.38,53.55,613944,0,1.0
2019-10-11,53.88,54.93,53.64,54.7,467643,0,1.0
2019-10-14,54.9,54.9,52.77,53.59,467643,0,1.0
2019-10-15,53.51,53.79,52.39,52.81,511249,0,1.0
2019-10-16,52.92,53.74,52.52,53.36,451643,0,1.0
2019-10-17,52.99,54.16,52.62,53.93,418422,0,1.0
2019-10-18,54.09,54.62,53.35,53.78,174477,0,1.0
2019-10-21,53.71,54.03,52.71,53.31,95979,0,1.0
2019-10-22,53.39,54.62,53.1,54.16,506573,0,1.0
2019-10-23,54.3,56.07,53.62,55.97,620202,0,1.0
2019-10-24,55.9,56.51,55.41,56.23,480764,0,1.0
2019-10-25,56.07,56.74,55.6,56.66,445020,0,1.0
2019-10-28,56.65,56.92,55.58,55.81,437020,0,1.0
2019-10-29,55.8,55.91,54.61,55.54,521457,0,1.0
2019-10-30,55.53,55.73,54.42,55.06,659328,0,1.0
2019-10-31,54.9,55.59,53.71,54.18,677419,0,1.0
2019-11-01,54.15,56.33,54.07,56.2,538117,0,1.0
2019-11-04,56.41,57.43,55.83,56.54,580350,0,1.0
2019-11-05,56.56,57.5,56.3,57.23,435319,0,1.0
2019-11-06,57.26,57.85,56.11,56.35,623258,0,1.0
2019-11-07,56.35,57.88,56.27,57.15,678165,0,1.0
2019-11-08,57.08,57.48,55.76,57.24,636941,0,1.0
2019-11-11,57.4,57.4,56.25,56.86,498981,0,1.0
2019-11-12,56.89,57.55,56.54,56.8,586568,0,1.0
2019-11-13,56.79,57.53,56.2,57.12,547635,0,1.0
2019-11-14,57.39,57.79,56.63,56.77,516832,0,1.0
2019-11-15,56.91,57.97,56.43,57.72,375993,0,1.0
2019-11-18,57.88,58.09,56.55,57.05,159328,0,1.0
2019-11-19,56.9,57.11,55.04,55.21,121214,0,1.0
2019-11-20,55.16,57.25,54.76,57.11,674891,0,1.0
2019-11-21,57.0,58.67,56.6,58.58,593533,0,1.0
2019-11-22,58.31,58.74,57.5,57.77,508244,0,1.0
2019-11-25,57.92,58.15,57.21,58.01,420642,0,1.0
2019-11-26,57.92,58.56,57.76,58.41,443816,0,1.0
2019-11-27,58.27,58.68,57.51,58.11,454256,0,1.0
2019-11-29,58.13,58.3,55.02,55.17,718724,0,1.0
2019-12-02,55.47,56.67,55.42,55.96,616423,0,1.0
2019-12-03,55.96,56.8,55.35,56.1,560554,0,1.0
2019-12-04,56.43,58.66,56.28,58.43,760541,0,1.0
2019-12-05,58.36,59.12,58.1,58.43,649461,0,1.0
2019-12-06,58.32,59.85,57.7,59.2,679609,0,1.0
2019-12-09,59.11,59.25,58.23,59.02,511561,0,1.0
2019-12-10,58.92,59.52,58.52,59.24,566822,0,1.0
2019-12-11,59.06,59.22,58.11,58.76,589650,0,1.0
2019-12-12,58.88,59.72,58.75,59.18,530851,0,1.0
2019-12-13,59.36,60.48,59.27,60.07,512288,0,1.0
2019-12-16,59.87,60.34,59.71,60.21,347395,0,1.0
2019-12-17,60.23,61.06,60.03,60.94,163744,0,1.0
2019-12-18,60.55,61.18,60.32,60.93,131071,0,1.0
2019-12-19,60.86,61.47,60.79,61.22,426341,0,1.0
2019-12-20,61.11,61.2,60.02,60.44,552517,0,1.0
2019-12-23,60.41,60.77,60.1,60.52,314711,0,1.0
2019-12-24,60.63,61.16,60.47,61.11,204535,0,1.0
2019-12-26,61.2,61.83,61.06,61.68,265091,0,1.0
2019-12-27,61.73,61.97,61.24,61.72,351899,0,1.0
2019-12-30,61.71,62.34,61.09,61.68,427149,0,1.0
2019-12-31,61.68,61.88,60.63,61.06,494535,0,1.0
2020-01-02,61.6,61.6,60.64,61.18,486873,0,1.0
2020-01-03,61.18,64.09,61.13,63.05,885861,0,1.0
2020-01-06,63.71,64.72,62.64,63.27,724236,0,1.0
2020-01-07,62.91,63.15,62.11,62.7,582649,0,1.0
2020-01-08,62.84,65.65,59.15,59.61,1205710,0,1.0
2020-01-09,59.99,60.31,58.66,59.56,750933,0,1.0
2020-01-10,59.61,59.78,58.85,59.04,596186,0,1.0
2020-01-13,59.04,59.27,57.91,58.08,584002,0,1.0
2020-01-14,58.03,58.72,57.72,58.23,507714,0,1.0
2020-01-15,58.2,58.36,57.36,57.81,433169,0,1.0
2020-01-16,58.1,58.87,57.56,58.52,182871,0,1.0
2020-01-17,58.59,58.98,58.27,58.54,122561,0,1.0
2020-01-21,59.17,59.73,57.68,58.34,648335,0,1.0
2020-01-22,58.26,58.38,56.03,56.74,620119,0,1.0
2020-01-23,56.11,56.27,54.77,55.59,703995,0,1.0
2020-01-24,55.69,55.95,53.85,54.19,586195,0,1.0
2020-01-27,53.7,53.71,52.13,53.14,712880,0,1.0
2020-01-28,52.77,54.06,52.68,53.48,633963,0,1.0
2020-01-29,53.97,54.37,52.81,53.33,624979,0,1.0
2020-01-30,53.09,53.2,51.66,52.14,720123,0,1.0
2020-01-31,52.92,53.36,50.97,51.56,827907,0,1.0
2020-02-03,51.01,51.97,49.8,50.11,876044,0,1.0
2020-02-04,49.94,51.55,49.31,49.61,859357,0,1.0
2020-02-05,49.51,51.88,49.47,50.75,887946,0,1.0
2020-02-06,51.17,52.2,50.24,50.95,750659,0,1.0
2020-02-07,51.11,51.48,50.09,50.32,768345,0,1.0
2020-02-10,50.12,50.49,49.42,49.57,715894,0,1.0
2020-02-11,49.61,50.69,49.58,49.94,725733,0,1.0
2020-02-12,49.96,51.73,49.95,51.17,795256,0,1.0
2020-02-13,51.72,51.96,50.6,51.42,745400,0,1.0
2020-02-14,51.51,52.34,51.32,52.05,607343,0,1.0
2020-02-18,52.23,52.41,50.88,52.05,221774,0,1.0
2020-02-19,52.12,53.66,51.93,53.29,113683,0,1.0
2020-02-20,53.5,54.5,53.22,53.78,676179,0,1.0
2020-02-21,53.74,53.86,52.55,53.38,707555,0,1.0
2020-02-24,52.6,52.64,50.45,51.43,765515,0,1.0
2020-02-25,51.37,52.02,49.69,49.9,764989,0,1.0
2020-02-26,50.08,50.44,48.3,48.73,884482,0,1.0
2020-02-27,48.63,48.78,45.88,47.09,1011915,0,1.0
2020-02-28,46.49,47.03,43.85,44.76,1101659,0,1.0
2020-03-02,43.7,47.56,43.32,46.75,949471,0,1.0
2020-03-03,47.72,48.66,46.47,47.18,1011933,0,1.0
2020-03-04,46.94,48.41,46.65,46.78,745856,0,1.0
2020-03-05,47.13,47.57,45.65,45.9,704591,0,1.0
2020-03-06,46.09,46.38,41.05,41.28,1276180,0,1.0
2020-03-09,32.87,34.88,27.34,31.13,1774383,0,1.0
2020-03-10,30.37,35.02,30.2,34.36,1064632,0,1.0
2020-03-11,34.62,36.35,32.56,32.98,874646,0,1.0
2020-03-12,33.07,33.63,30.02,31.5,1025036,0,1.0
2020-03-13,30.77,33.87,30.33,31.73,743129,0,1.0
2020-03-16,33.75,33.75,28.1,28.7,698829,0,1.0
2020-03-17,28.69,30.3,26.63,26.95,545820,0,1.0
2020-03-18,26.94,27.22,20.06,20.37,309481,0,1.0
2020-03-19,22.3,27.71,21.36,25.22,136722,0,1.0
2020-03-20,24.73,27.89,19.46,22.43,1133808,0,1.0
2020-03-23,22.52,24.07,20.8,23.36,852951,0,1.0
2020-03-24,23.87,25.16,23.09,24.01,659697,0,1.0
2020-03-25,24.37,25.24,22.91,24.49,618725,0,1.0
2020-03-26,24.25,24.65,22.38,22.6,633877,0,1.0
2020-03-27,23.29,23.44,20.88,21.51,603124,0,1.0
2020-03-30,20.93,20.93,19.27,20.09,758711,0,1.0
2020-03-31,20.23,21.89,20.01,20.48,660082,0,1.0
2020-04-01,20.1,21.55,19.9,20.31,703286,0,1.0
2020-04-02,21.22,27.39,20.76,25.32,1095972,0,1.0
2020-04-03,24.81,29.13,23.52,28.34,1007577,0,1.0
2020-04-06,26.09,28.24,25.28,26.08,752710,0,1.0
2020-04-07,26.34,27.24,23.54,23.63,797707,0,1.0
2020-04-08,24.3,26.45,23.74,25.09,823554,0,1.0
2020-04-09,26.28,28.36,22.57,22.76,1122149,0,1.0
2020-04-13,24.6,24.74,22.03,22.41,775120,0,1.0
2020-04-14,22.36,23.08,19.95,20.11,785478,0,1.0
2020-04-15,20.72,20.89,19.2,19.87,544797,0,1.0
2020-04-16,20.15,20.53,19.42,19.87,350942,0,1.0
2020-04-17,20.0,20.22,17.31,18.27,240628,0,1.0
2020-04-20,17.73,17.85,0.01,0.01,247947,0,1.0
2020-04-21,0.01,1386.0,0.01,10.01,2288230,0,1.0
2020-04-22,13.12,16.18,10.26,13.78,1235218,0,1.0
2020-04-23,14.2,18.26,13.35,16.5,833584,0,1.0
2020-04-24,16.78,17.97,15.64,16.94,600220,0,1.0
2020-04-27,16.84,16.98,11.88,12.78,623201,0,1.0
2020-04-28,12.96,13.69,10.07,12.34,897087,0,1.0
2020-04-29,13.35,16.78,12.67,15.06,554134,0,1.0
2020-04-30,15.64,19.44,15.45,18.84,545344,0,1.0
2020-05-01,19.04,20.48,18.07,19.78,403201,0,1.0
2020-05-04,19.11,21.42,18.05,20.39,311488,0,1.0
2020-05-05,21.24,25.49,21.13,24.56,387240,0,1.0
2020-05-06,25.52,26.08,22.58,23.99,381165,0,1.0
2020-05-07,24.09,26.74,22.94,23.55,310261,0,1.0
2020-05-08,23.35,24.99,23.26,24.74,205181,0,1.0
2020-05-11,24.49,25.58,23.67,24.14,179591,0,1.0
2020-05-12,24.49,26.23,24.22,25.78,212335,0,1.0
2020-05-13,25.3,26.45,24.79,25.29,150864,0,1.0
2020-05-14,25.56,27.96,25.18,27.56,160507,0,1.0
2020-05-15,27.64,29.92,27.24,29.43,108016,0,1.0
2020-05-18,29.53,33.32,29.53,31.82,89376,0,1.0
2020-05-19,32.83,33.44,31.34,32.5,430823,0,1.0
2020-05-20,31.89,33.78,31.56,33.49,406431,0,1.0
2020-05-21,33.53,34.66,33.26,33.92,372814,0,1.0
2020-05-22,33.95,34.0,30.72,33.25,429036,0,1.0
2020-05-26,33.3,34.81,32.48,34.35,466737,0,1.0
2020-05-27,34.14,34.32,31.75,32.81,415246,0,1.0
2020-05-28,32.1,34.21,31.14,33.71,440168,0,1.0
2020-05-29,33.68,35.77,32.36,35.49,443647,0,1.0
2020-06-01,35.21,35.9,34.27,35.44,385710,0,1.0
2020-06-02,35.56,37.06,35.28,36.81,343483,0,1.0
2020-06-03,36.86,38.18,35.88,37.29,494253,0,1.0
2020-06-04,36.76,37.62,36.38,37.41,307612,0,1.0
2020-06-05,37.33,39.68,37.05,39.55,396856,0,1.0
2020-06-08,39.41,40.44,37.96,38.19,416639,0,1.0
2020-06-09,38.22,39.1,37.07,38.94,396033,0,1.0
2020-06-10,38.5,39.91,37.73,39.6,385868,0,1.0
2020-06-11,39.09,39.09,35.41,36.34,513912,0,1.0
2020-06-12,36.26,36.99,34.48,36.26,406508,0,1.0
2020-06-15,36.03,37.26,34.36,37.12,387546,0,1.0
2020-06-16,37.05,39.06,36.38,38.38,366323,0,1.0
2020-06-17,37.93,38.75,37.21,37.96,239516,0,1.0
2020-06-18,37.74,38.97,37.11,38.84,113384,0,1.0
2020-06-19,38.85,40.49,38.4,39.75,64113,0,1.0
2020-06-22,39.18,40.7,39.12,40.46,315264,0,1.0
2020-06-23,40.68,41.63,39.76,40.37,368730,0,1.0
2020-06-24,39.99,40.54,37.31,38.01,499490,0,1.0
2020-06-25,38.05,39.23,37.08,38.72,451640,0,1.0
2020-06-26,39.09,39.35,37.79,38.49,356712,0,1.0
2020-06-29,37.96,39.89,37.5,39.7,343913,0,1.0
2020-06-30,39.64,40.08,38.85,39.27,370059,0,1.0
2020-07-01,39.84,40.58,39.05,39.82,407170,0,1.0
2020-07-02,39.78,40.74,39.46,40.65,347096,0,1.0
2020-07-06,40.38,41.08,39.84,40.63,373236,0,1.0
2020-07-07,40.68,40.95,39.9,40.62,256596,0,1.0
2020-07-08,40.48,41.08,40.3,40.9,286740,0,1.0
2020-07-09,40.87,40.99,39.27,39.62,367386,0,1.0
2020-07-10,39.58,40.77,38.54,40.55,393149,0,1.0
2020-07-13,40.35,40.72,39.47,40.1,370715,0,1.0
2020-07-14,39.6,40.57,39.07,40.29,426971,0,1.0
2020-07-15,40.55,41.26,40.08,41.2,352542,0,1.0
2020-07-16,40.97,41.18,40.52,40.75,200101,0,1.0
2020-07-17,40.72,40.9,40.02,40.59,88220,0,1.0
2020-07-20,40.64,40.91,39.83,40.81,60179,0,1.0
2020-07-21,40.65,42.4,40.64,41.96,389117,0,1.0
2020-07-22,41.54,42.03,41.14,41.9,333647,0,1.0
2020-07-23,41.95,42.36,40.83,41.07,389412,0,1.0
2020-07-24,41.06,41.67,40.66,41.29,353159,0,1.0
2020-07-27,41.26,41.82,40.48,41.6,377714,0,1.0
2020-07-28,41.65,41.93,40.85,41.04,276804,0,1.0
2020-07-29,41.13,41.57,40.93,41.27,295855,0,1.0
2020-07-30,41.32,41.39,38.72,39.92,487325,0,1.0
2020-07-31,40.34,40.55,39.66,40.27,318788,0,1.0
2020-08-03,40.39,41.24,39.58,41.01,338326,0,1.0
2020-08-04,40.78,42.08,40.14,41.7,451575,0,1.0
2020-08-05,41.56,43.52,41.47,42.19,491268,0,1.0
2020-08-06,42.19,42.65,41.61,41.95,359610,0,1.0
2020-08-07,41.97,42.22,41.06,41.22,398997,0,1.0
2020-08-10,41.5,42.33,41.17,41.94,367796,0,1.0
2020-08-11,41.98,42.94,41.48,41.61,432843,0,1.0
2020-08-12,41.62,42.9,41.53,42.67,397831,0,1.0
2020-08-13,42.57,42.84,42.09,42.24,329507,0,1.0
2020-08-14,42.33,42.57,41.62,42.01,310866,0,1.0
2020-08-17,42.24,42.97,41.8,42.89,208429,0,1.0
2020-08-18,42.79,42.99,42.11,42.89,111628,0,1.0
2020-08-19,42.6,43.03,42.36,42.93,81299,0,1.0
2020-08-20,42.74,42.79,41.5,42.58,377070,0,1.0
2020-08-21,42.75,42.96,41.46,42.34,345368,0,1.0
2020-08-24,42.48,42.89,42.23,42.62,294731,0,1.0
2020-08-25,42.36,43.57,42.31,43.35,330800,0,1.0
2020-08-26,43.39,43.78,43.0,43.39,262243,0,1.0
2020-08-27,43.45,43.5,42.36,43.04,320968,0,1.0
2020-08-28,42.98,43.42,42.69,42.97,272800,0,1.0
2020-08-31,42.91,43.57,42.56,42.61,236877,0,1.0
2020-09-01,42.83,43.43,42.72,42.76,285146,0,1.0
2020-09-02,43.02,43.21,41.23,41.51,421771,0,1.0
2020-09-03,41.63,41.79,40.22,41.37,417634,0,1.0
2020-09-04,41.25,41.87,39.35,39.77,444184,0,1.0
2020-09-08,39.48,39.59,36.13,36.76,720975,0,1.0
2020-09-09,36.79,38.45,36.16,38.05,455356,0,1.0
2020-09-10,37.8,38.18,36.93,37.3,367555,0,1.0
2020-09-11,37.01,37.82,36.67,37.33,363787,0,1.0
2020-09-14,37.32,37.68,36.82,37.26,347563,0,1.0
2020-09-15,37.28,38.57,37.06,38.28,348861,0,1.0
2020-09-16,38.35,40.34,38.35,40.16,367612,0,1.0
2020-09-17,40.19,41.22,39.42,40.97,280669,0,1.0
2020-09-18,40.97,41.49,40.3,41.11,85906,0,1.0
2020-09-21,40.98,41.27,38.66,39.31,66195,0,1.0
2020-09-22,39.63,40.02,39.0,39.6,287807,0,1.0
2020-09-23,39.76,40.75,39.26,39.93,318754,0,1.0
2020-09-24,39.6,40.37,39.12,40.31,269992,0,1.0
2020-09-25,40.15,40.64,39.71,40.25,229025,0,1.0
2020-09-28,40.07,40.8,39.78,40.6,226425,0,1.0
2020-09-29,40.58,40.7,38.41,39.29,379599,0,1.0
2020-09-30,39.16,40.37,38.68,40.22,340294,0,1.0
2020-10-01,39.9,40.47,37.61,38.72,443442,0,1.0
2020-10-02,38.6,38.65,36.63,37.05,391428,0,1.0
2020-10-05,37.0,39.72,37.0,39.22,378579,0,1.0
2020-10-06,39.35,40.86,39.1,40.67,400531,0,1.0
2020-10-07,39.83,40.35,39.28,39.95,433065,0,1.0
2020-10-08,39.99,41.33,39.76,41.19,409787,0,1.0
2020-10-09,41.31,41.47,40.38,40.6,331703,0,1.0
2020-10-12,40.4,40.45,39.04,39.43,322035,0,1.0
2020-10-13,39.53,40.53,39.35,40.2,375470,0,1.0
2020-10-14,40.19,41.16,39.82,41.04,328295,0,1.0
2020-10-15,41.13,41.29,39.22,40.96,248251,0,1.0
2020-10-16,40.88,41.05,40.08,40.88,96488,0,1.0
2020-10-19,40.69,41.22,40.54,40.83,75335,0,1.0
2020-10-20,40.65,41.7,40.25,41.46,360574,0,1.0
2020-10-21,41.22,41.59,39.78,40.03,366899,0,1.0
2020-10-22,40.04,41.02,39.71,40.64,307494,0,1.0
2020-10-23,40.61,40.92,39.57,39.85,268931,0,1.0
2020-10-26,39.69,39.74,38.28,38.56,360184,0,1.0
2020-10-27,38.59,39.83,38.51,39.57,339535,0,1.0
2020-10-28,38.97,39.01,36.97,37.39,489954,0,1.0
2020-10-29,37.39,37.76,34.92,36.17,568816,0,1.0
2020-10-30,36.07,36.6,35.21,35.79,388971,0,1.0
2020-11-02,35.24,37.15,33.64,36.81,489204,0,1.0
2020-11-03,37.03,38.32,36.57,37.66,410611,0,1.0
2020-11-04,38.15,39.25,37.26,39.15,437000,0,1.0
2020-11-05,39.17,39.35,38.27,38.79,298366,0,1.0
2020-11-06,38.54,38.61,37.06,37.14,411026,0,1.0
2020-11-09,37.34,41.33,37.16,40.29,622921,0,1.0
2020-11-10,39.91,41.84,39.41,41.36,457045,0,1.0
2020-11-11,41.79,43.06,41.32,41.45,443772,0,1.0
2020-11-12,41.47,42.19,40.87,41.12,401031,0,1.0
2020-11-13,40.94,40.94,40.06,40.13,338187,0,1.0
2020-11-16,40.17,42.09,40.15,41.34,378785,0,1.0
2020-11-17,41.44,41.69,40.57,41.43,243677,0,1.0
2020-11-18,41.35,42.46,41.08,41.82,107013,0,1.0
2020-11-19,41.61,41.98,41.08,41.74,88144,0,1.0
2020-11-20,41.7,42.32,41.51,42.15,276340,0,1.0
2020-11-23,42.46,43.36,42.29,43.06,300717,0,1.0
2020-11-24,42.84,45.2,42.82,44.91,418527,0,1.0
2020-11-25,44.82,46.26,44.73,45.71,417182,0,1.0
2020-11-27,45.9,46.09,44.55,45.53,365128,0,1.0
2020-11-30,45.34,45.8,44.42,45.34,370755,0,1.0
2020-12-01,45.08,45.7,44.12,44.55,314919,0,1.0
2020-12-02,44.38,45.92,43.92,45.28,368854,0,1.0
2020-12-03,44.99,45.84,44.66,45.64,350768,0,1.0
2020-12-04,45.64,46.68,45.61,46.26,335453,0,1.0
2020-12-07,46.15,46.54,45.36,45.76,348871,0,1.0
2020-12-08,45.66,45.93,45.14,45.6,332641,0,1.0
2020-12-09,45.6,46.24,44.95,45.52,434976,0,1.0
2020-12-10,45.69,47.74,45.52,46.78,447529,0,1.0
2020-12-11,46.97,47.29,46.34,46.57,367305,0,1.0
2020-12-14,46.73,47.44,45.69,46.99,403543,0,1.0
2020-12-15,46.99,47.73,46.54,47.62,311169,0,1.0
2020-12-16,47.6,47.94,47.17,47.82,275331,0,1.0
2020-12-17,47.85,48.59,47.81,48.36,96536,0,1.0
2020-12-18,48.43,49.28,48.1,49.1,83711,0,1.0
2020-12-21,48.54,48.61,46.18,47.74,478098,0,1.0
2020-12-22,47.93,47.96,46.6,47.02,295737,0,1.0
2020-12-23,46.79,48.5,46.16,48.12,344306,0,1.0
2020-12-24,48.09,48.62,47.56,48.23,167390,0,1.0
2020-12-28,48.23,48.96,47.5,47.62,238462,0,1.0
2020-12-29,47.72,48.35,47.68,48.0,213778,0,1.0
2020-12-30,48.13,48.66,47.61,48.4,266957,0,1.0
2020-12-31,48.35,48.58,47.77,48.52,181894,0,1.0
2021-01-04,48.4,49.83,47.18,47.62,528525,0,1.0
2021-01-05,47.38,50.2,47.24,49.93,643191,0,1.0
2021-01-06,49.82,50.94,49.48,50.63,509365,0,1.0
2021-01-07,50.53,51.28,50.39,50.83,369292,0,1.0
2021-01-08,50.93,52.75,50.81,52.24,499416,0,1.0
2021-01-11,52.58,52.7,51.5,52.25,394822,0,1.0
2021-01-12,52.18,53.45,52.07,53.21,400200,0,1.0
2021-01-13,53.31,53.93,52.58,52.91,429898,0,1.0
2021-01-14,52.84,53.75,52.24,53.57,390087,0,1.0
2021-01-15,53.8,53.83,51.83,52.36,165668,0,1.0
2021-01-19,52.0,53.13,51.76,52.98,125964,0,1.0
2021-01-20,53.13,53.79,53.05,53.24,400301,0,1.0
2021-01-21,52.93,53.41,52.75,53.13,352397,0,1.0
2021-01-22,53.1,53.16,51.44,52.27,437484,0,1.0
2021-01-25,52.17,52.95,51.82,52.77,349076,0,1.0
2021-01-26,52.91,53.25,52.29,52.61,314538,0,1.0
2021-01-27,52.76,53.3,51.85,52.85,442376,0,1.0
2021-01-28,52.65,53.58,52.04,52.34,411406,0,1.0
2021-01-29,52.15,53.25,51.93,52.2,410914,0,1.0
2021-02-01,51.99,53.74,51.64,53.55,416067,0,1.0
2021-02-02,53.48,55.26,53.45,54.76,463718,0,1.0
2021-02-03,55.05,56.33,54.81,55.69,448693,0,1.0
2021-02-04,55.96,56.58,55.3,56.23,381404,0,1.0
2021-02-05,56.46,57.29,56.43,56.85,400833,0,1.0
2021-02-08,57.06,58.14,57.0,57.97,399724,0,1.0
2021-02-09,58.11,58.62,57.27,58.36,514698,0,1.0
2021-02-10,58.45,58.91,58.08,58.68,457535,0,1.0
2021-02-11,58.4,58.71,57.84,58.24,380445,0,1.0
2021-02-12,57.94,59.82,57.41,59.47,480822,0,1.0
2021-02-16,59.98,60.95,59.33,60.05,602332,0,1.0
2021-02-17,60.24,61.73,59.43,61.14,335419,0,1.0
2021-02-18,61.68,62.26,59.79,60.52,132035,0,1.0
2021-02-19,60.2,60.29,58.59,59.24,102427,0,1.0
2021-02-22,58.88,61.84,58.82,61.49,505773,0,1.0
2021-02-23,62.16,63.0,60.67,61.67,570677,0,1.0
2021-02-24,61.29,63.51,60.97,63.22,489933,0,1.0
2021-02-25,63.39,63.81,62.65,63.53,510357,0,1.0
2021-02-26,63.46,63.57,61.34,61.5,472723,0,1.0
2021-03-01,61.95,62.92,59.96,60.64,456679,0,1.0
2021-03-02,60.23,61.21,59.38,59.75,464133,0,1.0
2021-03-03,59.55,61.99,59.24,61.28,465311,0,1.0
2021-03-04,61.08,64.86,60.52,63.83,694628,0,1.0
2021-03-05,64.16,66.42,63.82,66.09,573168,0,1.0
2021-03-08,66.68,67.98,64.57,65.05,533376,0,1.0
2021-03-09,64.73,65.98,63.63,64.01,554564,0,1.0
2021-03-10,63.84,64.96,63.13,64.44,498488,0,1.0
2021-03-11,64.7,66.21,64.54,66.02,441063,0,1.0
2021-03-12,65.96,66.24,65.41,65.61,321714,0,1.0
2021-03-15,65.56,66.4,64.13,65.39,378009,0,1.0
2021-03-16,65.33,65.43,63.8,64.8,317537,0,1.0
2021-03-17,64.75,65.34,63.6,64.6,254724,0,1.0
2021-03-18,64.42,64.82,58.2,60.0,143597,0,1.0
2021-03-19,59.56,61.72,58.94,61.42,84171,0,1.0
2021-03-22,61.55,61.9,60.39,61.55,404370,0,1.0
2021-03-23,61.28,61.35,57.25,57.76,712317,0,1.0
2021-03-24,57.4,61.34,57.29,61.18,566291,0,1.0
2021-03-25,60.8,60.86,57.44,58.56,580105,0,1.0
2021-03-26,58.48,61.36,58.32,60.97,471996,0,1.0
2021-03-29,60.93,61.77,59.41,61.56,449360,0,1.0
2021-03-30,61.96,62.27,59.94,60.55,388188,0,1.0
2021-03-31,60.45,61.17,58.85,59.16,414162,0,1.0
2021-04-01,59.49,61.75,58.86,61.45,605567,0,1.0
2021-04-05,61.5,61.5,57.63,58.65,438864,0,1.0
2021-04-06,58.8,60.9,58.62,59.33,457348,0,1.0
2021-04-07,59.26,60.04,58.12,59.77,475537,0,1.0
2021-04-08,59.52,59.93,58.82,59.6,419913,0,1.0
2021-04-09,59.76,59.95,59.1,59.32,351436,0,1.0
2021-04-12,59.35,60.77,58.73,59.7,410218,0,1.0
2021-04-13,59.64,60.59,59.64,60.18,349733,0,1.0
2021-04-14,60.44,63.44,60.38,63.15,419813,0,1.0
2021-04-15,62.83,63.57,62.53,63.46,243370,0,1.0
2021-04-16,63.32,63.88,62.83,63.13,87795,0,1.0
2021-04-19,62.98,63.63,62.63,63.38,74384,0,1.0
2021-04-20,63.47,64.25,61.5,62.44,476046,0,1.0
2021-04-21,62.39,62.56,60.86,61.35,431486,0,1.0
2021-04-22,61.11,61.87,60.61,61.43,344700,0,1.0
2021-04-23,61.65,62.43,61.25,62.14,345407,0,1.0
2021-04-26,62.06,62.31,60.66,61.91,366865,0,1.0
2021-04-27,61.97,63.3,61.91,62.94,361536,0,1.0
2021-04-28,63.04,64.53,62.67,63.86,387683,0,1.0
2021-04-29,63.7,65.47,63.65,65.01,384489,0,1.0
2021-04-30,64.88,64.95,63.08,63.58,400515,0,1.0
2021-05-03,63.64,64.68,62.91,64.49,285969,0,1.0
2021-05-04,64.53,66.19,64.29,65.69,370208,0,1.0
2021-05-05,66.45,66.76,64.92,65.63,460066,0,1.0
2021-05-06,65.27,65.98,64.5,64.71,389214,0,1.0
2021-05-07,64.9,65.24,63.9,64.9,431417,0,1.0
2021-05-10,65.57,65.75,63.95,64.92,448337,0,1.0
2021-05-11,64.9,65.5,63.68,65.28,514949,0,1.0
2021-05-12,65.46,66.63,64.97,66.08,508519,0,1.0
2021-05-13,65.75,65.81,63.09,63.82,547691,0,1.0
2021-05-14,63.83,65.62,63.33,65.37,383749,0,1.0
2021-05-17,65.5,66.43,64.83,66.27,268476,0,1.0
2021-05-18,66.33,67.01,64.11,65.49,167348,0,1.0
2021-05-19,65.28,65.35,61.95,63.36,101902,0,1.0
2021-05-20,63.39,63.96,61.89,62.05,524168,0,1.0
2021-05-21,61.89,64.07,61.56,63.58,530831,0,1.0
2021-05-24,63.87,66.14,63.63,66.05,466647,0,1.0
2021-05-25,66.02,66.51,65.41,66.07,497394,0,1.0
2021-05-26,66.04,66.43,65.25,66.21,376207,0,1.0
2021-05-27,66.16,66.92,65.47,66.85,337542,0,1.0
2021-05-28,66.95,67.52,66.17,66.32,390461,0,1.0
2021-06-01,66.68,68.87,66.41,67.72,570985,0,1.0
2021-06-02,67.99,69.0,67.78,68.83,332995,0,1.0
2021-06-03,68.76,69.4,68.19,68.81,351367,0,1.0
2021-06-04,68.91,69.76,68.33,69.62,326250,0,1.0
2021-06-07,69.52,70.0,68.93,69.23,365621,0,1.0
2021-06-08,69.29,70.27,68.47,70.05,441302,0,1.0
2021-06-09,70.01,70.62,69.46,69.96,410820,0,1.0
2021-06-10,69.76,70.65,68.68,70.29,492464,0,1.0
2021-06-11,70.1,71.24,69.68,70.91,563575,0,1.0
2021-06-14,70.65,71.78,70.65,70.88,319639,0,1.0
2021-06-15,71.16,72.49,70.81,72.12,336035,0,1.0
2021-06-16,72.45,72.99,71.61,72.15,426775,0,1.0
2021-06-17,71.65,72.3,69.77,71.04,373780,0,1.0
2021-06-18,71.1,72.17,70.16,71.64,139584,0,1.0
2021-06-21,71.52,73.96,71.15,73.66,123662,0,1.0
2021-06-22,73.41,73.95,72.94,73.06,498555,0,1.0
2021-06-23,72.91,74.25,72.82,73.08,429207,0,1.0
2021-06-24,73.28,73.61,72.32,73.3,334833,0,1.0
2021-06-25,73.32,74.18,72.85,74.05,364721,0,1.0
2021-06-28,73.99,74.45,72.62,72.91,354701,0,1.0
2021-06-29,72.78,73.81,71.97,72.98,321448,0,1.0
2021-06-30,73.47,74.14,72.82,73.47,383626,0,1.0
2021-07-01,73.5,76.22,73.39,75.23,615678,0,1.0
2021-07-02,75.02,75.62,74.41,75.16,377531,0,1.0
2021-07-06,75.35,76.98,72.94,73.37,714044,0,1.0
2021-07-07,73.85,74.86,71.07,72.2,607971,0,1.0
2021-07-08,72.17,73.26,70.76,72.94,529690,0,1.0
2021-07-09,73.26,74.76,72.72,74.56,422154,0,1.0
2021-07-12,74.74,74.93,73.16,74.1,397931,0,1.0
2021-07-13,74.18,75.52,73.68,75.25,444078,0,1.0
2021-07-14,75.17,75.44,72.21,73.13,528360,0,1.0
2021-07-15,72.96,72.96,71.4,71.65,368679,0,1.0
2021-07-16,71.48,72.3,70.41,71.81,133926,0,1.0
2021-07-19,71.49,71.67,65.63,66.42,82565,0,1.0
2021-07-20,66.6,67.65,65.21,67.42,561629,0,1.0
2021-07-21,66.45,70.51,66.44,70.3,503030,0,1.0
2021-07-22,70.22,72.03,69.86,71.91,435181,0,1.0
2021-07-23,71.71,72.21,71.39,72.07,274778,0,1.0
2021-07-26,72.18,72.43,70.56,71.91,395743,0,1.0
2021-07-27,72.22,72.33,71.08,71.65,333123,0,1.0
2021-07-28,71.9,72.6,71.7,72.39,318911,0,1.0
2021-07-29,72.4,73.68,72.26,73.62,294462,0,1.0
2021-07-30,73.41,74.23,72.93,73.95,303700,0,1.0
2021-08-02,73.91,73.95,70.55,71.26,448200,0,1.0
2021-08-03,71.52,71.96,69.19,70.56,509938,0,1.0
2021-08-04,70.32,70.81,67.85,68.15,582924,0,1.0
2021-08-05,68.06,69.35,67.61,69.09,416331,0,1.0
2021-08-06,69.14,70.18,67.8,68.28,537136,0,1.0
2021-08-09,67.88,67.9,65.15,66.48,598381,0,1.0
2021-08-10,66.85,68.9,66.56,68.29,452126,0,1.0
2021-08-11,68.51,69.45,66.67,69.25,513292,0,1.0
2021-08-12,69.36,69.62,68.46,69.09,352465,0,1.0
2021-08-13,68.91,69.22,67.77,68.44,272033,0,1.0
2021-08-16,68.13,68.14,65.73,67.29,334844,0,1.0
2021-08-17,67.43,67.72,66.33,66.59,235303,0,1.0
2021-08-18,66.58,67.48,64.34,65.46,121197,0,1.0
2021-08-19,64.58,64.76,62.63,63.69,88237,0,1.0
2021-08-20,64.05,64.1,62.11,62.32,365009,0,1.0
2021-08-23,61.96,66.0,61.74,65.64,397290,0,1.0
2021-08-24,65.54,67.8,65.41,67.54,335888,0,1.0
2021-08-25,67.63,68.54,66.92,68.36,353742,0,1.0
2021-08-26,68.0,68.31,67.02,67.42,344286,0,1.0
2021-08-27,67.75,69.05,67.52,68.74,326056,0,1.0
2021-08-30,69.3,69.64,67.67,69.21,360797,0,1.0
2021-08-31,69.18,69.34,68.16,68.5,325853,0,1.0
2021-09-01,68.55,69.24,67.12,68.59,399497,0,1.0
2021-09-02,68.29,70.61,67.84,69.99,403314,0,1.0
2021-09-03,69.76,70.53,69.05,69.29,313086,0,1.0
2021-09-07,69.11,69.48,67.64,68.35,481704,0,1.0
2021-09-08,68.37,69.75,68.31,69.3,389325,0,1.0
2021-09-09,69.36,69.89,67.56,68.14,556451,0,1.0
2021-09-10,67.97,69.96,67.68,69.72,411079,0,1.0
2021-09-13,69.74,70.97,69.51,70.45,390939,0,1.0
2021-09-14,70.64,71.22,69.98,70.46,414231,0,1.0
2021-09-15,70.76,73.14,70.65,72.61,418665,0,1.0
2021-09-16,72.65,72.99,71.53,72.61,298412,0,1.0
2021-09-17,72.62,72.72,71.21,71.97,119933,0,1.0
2021-09-20,71.92,72.08,69.86,70.29,75837,0,1.0
2021-09-21,70.59,71.63,69.67,70.56,393403,0,1.0
2021-09-22,70.85,72.3,70.64,72.23,381061,0,1.0
2021-09-23,71.97,73.5,71.61,73.3,403405,0,1.0
2021-09-24,73.24,74.27,72.81,73.98,350382,0,1.0
2021-09-27,74.19,75.75,74.16,75.45,417829,0,1.0
2021-09-28,75.43,76.67,74.24,75.29,476143,0,1.0
2021-09-29,74.38,75.79,73.74,74.83,424193,0,1.0
2021-09-30,74.78,76.07,73.14,75.03,583189,0,1.0
2021-10-01,75.12,75.99,74.23,75.88,388996,0,1.0
2021-10-04,75.9,78.38,75.32,77.62,458006,0,1.0
2021-10-05,77.58,79.48,77.47,78.93,449617,0,1.0
2021-10-06,79.04,79.78,76.83,77.43,459055,0,1.0
2021-10-07,77.0,78.89,74.96,78.3,545008,0,1.0
2021-10-08,78.86,80.11,78.63,79.35,662010,0,1.0
2021-10-11,79.59,82.18,79.55,80.52,653756,0,1.0
2021-10-12,80.5,81.62,79.47,80.64,598181,0,1.0
2021-10-13,80.58,81.04,79.42,80.44,487220,0,1.0
2021-10-14,80.59,81.68,80.38,81.31,399813,0,1.0
2021-10-15,81.48,82.66,81.39,82.28,277953,0,1.0
2021-10-18,82.6,83.87,81.84,82.44,134098,0,1.0
2021-10-19,82.37,83.74,81.8,82.96,82607,0,1.0
2021-10-20,83.34,84.25,81.3,83.87,530693,0,1.0
2021-10-21,83.58,83.96,80.79,82.5,567503,0,1.0
2021-10-22,82.61,84.22,81.76,83.76,465355,0,1.0
2021-10-25,83.98,85.41,83.39,83.76,568725,0,1.0
2021-10-26,83.72,84.88,82.97,84.65,467716,0,1.0
2021-10-27,84.39,84.51,82.01,82.66,529952,0,1.0
2021-10-28,82.25,83.21,80.58,82.81,491585,0,1.0
2021-10-29,83.09,83.74,81.41,83.57,507309,0,1.0
2021-11-01,83.36,84.88,82.74,84.05,412309,0,1.0
2021-11-02,83.87,84.41,82.92,83.91,429608,0,1.0
2021-11-03,83.07,83.08,79.69,80.86,546577,0,1.0
2021-11-04,80.18,83.42,78.25,78.81,701119,0,1.0
2021-11-05,79.37,81.8,78.96,81.27,531054,0,1.0
2021-11-08,81.13,82.67,81.05,81.93,393953,0,1.0
2021-11-09,82.16,84.63,81.78,84.15,504832,0,1.0
2021-11-10,84.53,84.97,80.81,81.34,555215,0,1.0
2021-11-11,81.41,82.33,80.2,81.59,475436,0,1.0
2021-11-12,81.21,81.62,79.78,80.79,390304,0,1.0
2021-11-15,80.66,81.2,79.3,80.88,343484,0,1.0
2021-11-16,80.93,81.81,80.03,80.76,325668,0,1.0
2021-11-17,80.54,80.69,77.69,78.36,174471,0,1.0
2021-11-18,78.34,79.36,77.08,79.01,83984,0,1.0
2021-11-19,78.76,79.92,75.37,76.1,623448,0,1.0
2021-11-22,75.75,77.16,74.76,76.75,465768,0,1.0
2021-11-23,76.46,78.86,75.3,78.5,506987,0,1.0
2021-11-24,78.48,79.23,77.98,78.39,328848,0,1.0
2021-11-26,78.34,78.65,67.4,68.15,844630,0,1.0
2021-11-29,69.23,72.93,68.86,69.95,675090,0,1.0
2021-11-30,70.04,71.22,64.43,66.18,722475,0,1.0
2021-12-01,67.01,69.49,64.84,65.57,602447,0,1.0
2021-12-02,65.63,67.49,62.43,66.5,668293,0,1.0
2021-12-03,67.5,69.22,65.6,66.26,449974,0,1.0
2021-12-06,67.02,70.15,66.72,69.49,401060,0,1.0
2021-12-07,69.72,73.03,69.52,72.05,496528,0,1.0
2021-12-08,71.86,73.0,70.91,72.36,464846,0,1.0
2021-12-09,72.52,73.34,70.39,70.94,393205,0,1.0
2021-12-10,70.68,72.33,70.32,71.67,397883,0,1.0
2021-12-13,72.04,73.0,70.71,71.29,406604,0,1.0
2021-12-14,71.12,72.03,69.51,70.73,359454,0,1.0
2021-12-15,70.35,71.66,69.39,70.87,294337,0,1.0
2021-12-16,71.48,72.99,71.03,72.38,142541,0,1.0
2021-12-17,71.92,72.26,69.89,70.86,78125,0,1.0
2021-12-20,70.07,70.07,66.04,68.23,492217,0,1.0
2021-12-21,69.21,71.55,68.56,71.12,358779,0,1.0
2021-12-22,71.27,73.16,70.8,72.76,306709,0,1.0
2021-12-23,73.03,73.95,72.27,73.79,270223,0,1.0
2021-12-27,73.38,76.09,72.57,75.57,268490,0,1.0
2021-12-28,75.97,76.92,75.53,75.98,249728,0,1.0
2021-12-29,76.04,77.37,75.36,76.56,283557,0,1.0
2021-12-30,76.58,77.44,75.78,76.99,231163,0,1.0
2021-12-31,76.66,77.08,74.95,75.21,237118,0,1.0
2022-01-03,75.69,76.46,74.27,76.08,317628,0,1.0
2022-01-04,76.02,77.64,75.7,76.99,372848,0,1.0
2022-01-05,77.18,78.58,76.51,77.85,397898,0,1.0
2022-01-06,77.24,80.24,76.73,79.46,476665,0,1.0
2022-01-07,79.62,80.47,78.52,78.9,414434,0,1.0
2022-01-10,78.88,79.45,77.83,78.23,389956,0,1.0
2022-01-11,78.42,81.59,78.36,81.22,481815,0,1.0
2022-01-12,81.38,83.1,81.17,82.64,420619,0,1.0
2022-01-13,82.82,82.94,81.39,82.12,364769,0,1.0
2022-01-14,81.73,84.45,81.58,83.82,364442,0,1.0
2022-01-18,84.32,86.63,83.5,85.43,163643,0,1.0
2022-01-19,86.61,87.91,85.77,86.96,113153,0,1.0
2022-01-20,86.23,87.82,86.0,86.9,532202,0,1.0
2022-01-21,84.57,85.56,82.78,85.14,509103,0,1.0
2022-01-24,84.91,86.09,81.9,83.31,511695,0,1.0
2022-01-25,84.15,85.71,82.99,85.6,507219,0,1.0
2022-01-26,85.26,87.95,85.01,87.35,459642,0,1.0
2022-01-27,87.15,88.54,86.2,86.61,427804,0,1.0
2022-01-28,87.5,88.84,86.44,86.82,436172,0,1.0
2022-01-31,87.45,88.39,86.34,88.15,359080,0,1.0
2022-02-01,88.15,88.87,86.55,88.2,376841,0,1.0
2022-02-02,88.35,89.72,87.1,88.26,456863,0,1.0
2022-02-03,87.98,90.45,86.75,90.27,465771,0,1.0
2022-02-04,90.19,93.17,90.07,92.31,410926,0,1.0
2022-02-07,91.82,92.73,90.73,91.32,497754,0,1.0
2022-02-08,91.64,91.68,88.51,89.36,467386,0,1.0
2022-02-09,89.86,90.58,88.41,89.66,445618,0,1.0
2022-02-10,90.01,91.74,89.03,89.88,492091,0,1.0
2022-02-11,90.0,94.66,89.19,93.1,554423,0,1.0
2022-02-14,93.91,95.82,92.09,95.46,467071,0,1.0
2022-02-15,94.83,95.17,90.66,92.07,442641,0,1.0
2022-02-16,92.21,95.01,90.0,93.66,401453,0,1.0
2022-02-17,90.9,93.36,90.62,91.76,212552,0,1.0
2022-02-18,91.63,92.66,89.03,91.07,150382,0,1.0
2022-02-22,91.75,96.0,90.35,92.35,789041,0,1.0
2022-02-23,91.74,93.9,90.64,92.1,440574,0,1.0
2022-02-24,92.52,100.54,91.45,92.81,872244,0,1.0
2022-02-25,93.32,95.64,90.06,91.59,523793,0,1.0
2022-02-28,94.99,99.1,94.43,95.72,490796,0,1.0
2022-03-01,96.09,106.78,95.32,103.41,698814,0,1.0
2022-03-02,107.12,112.51,105.18,110.6,651853,0,1.0
2022-03-03,111.33,116.57,106.43,107.67,592031,0,1.0
2022-03-04,107.96,116.02,107.25,115.68,493875,0,1.0
2022-03-07,121.33,130.5,115.54,119.4,576022,0,1.0
2022-03-08,120.67,129.44,117.07,123.7,583106,0,1.0
2022-03-09,124.66,126.84,103.63,108.7,594773,0,1.0
2022-03-10,110.41,114.88,105.53,106.02,437924,0,1.0
2022-03-11,105.99,110.29,104.48,109.33,368194,0,1.0
2022-03-14,109.42,109.72,99.76,103.01,344184,0,1.0
2022-03-15,102.28,102.58,93.53,96.44,401690,0,1.0
2022-03-16,95.23,99.22,94.07,95.04,293947,0,1.0
2022-03-17,95.34,104.24,94.85,102.98,210763,0,1.0
2022-03-18,103.62,106.28,102.3,104.7,74247,0,1.0
2022-03-21,105.13,112.69,104.08,112.12,77217,0,1.0
2022-03-22,112.9,115.01,109.3,111.76,318629,0,1.0
2022-03-23,108.85,115.4,108.38,114.93,289182,0,1.0
2022-03-24,114.47,116.64,110.61,112.34,307238,0,1.0
2022-03-25,111.75,114.12,108.68,113.9,320304,0,1.0
2022-03-28,112.92,112.93,102.83,105.96,372251,0,1.0
2022-03-29,103.47,107.84,98.44,104.24,387200,0,1.0
2022-03-30,105.24,108.75,104.55,107.82,284544,0,1.0
2022-03-31,107.45,107.8,99.66,100.28,450845,0,1.0
2022-04-01,101.23,101.75,97.78,99.27,324777,0,1.0
2022-04-04,98.95,103.94,98.05,103.28,288131,0,1.0
2022-04-05,103.66,105.59,99.88,101.96,280283,0,1.0
2022-04-06,101.24,104.02,95.73,96.23,366036,0,1.0
2022-04-07,97.16,98.82,93.81,96.03,367318,0,1.0
2022-04-08,97.17,98.76,95.29,98.26,310082,0,1.0
2022-04-11,98.4,98.52,92.93,94.29,315873,0,1.0
2022-04-12,95.17,101.35,94.84,100.6,329037,0,1.0
2022-04-13,100.91,104.47,99.87,104.25,312502,0,1.0
2022-04-14,104.2,107.64,102.12,106.95,244952,0,1.0
2022-04-18,107.03,109.81,106.0,108.21,68489,0,1.0
2022-04-19,107.75,108.92,102.1,102.56,71792,0,1.0
2022-04-20,103.05,104.16,100.7,102.75,299028,0,1.0
2022-04-21,102.5,105.42,102.01,103.79,280321,0,1.0
2022-04-22,104.07,104.22,101.06,102.07,246116,0,1.0
2022-04-25,101.38,101.55,95.28,98.54,328153,0,1.0
2022-04-26,98.64,102.78,97.06,101.7,351850,0,1.0
2022-04-27,101.76,102.99,99.8,102.02,278781,0,1.0
2022-04-28,102.11,105.68,100.13,105.36,312064,0,1.0
2022-04-29,105.17,107.99,103.78,104.69,294386,0,1.0
2022-05-02,104.0,105.94,100.28,105.17,261878,0,1.0
2022-05-03,105.08,105.8,102.1,102.41,239266,0,1.0
2022-05-04,103.5,108.61,102.95,107.81,272909,0,1.0
2022-05-05,107.58,111.37,106.45,108.26,286916,0,1.0
2022-05-06,108.7,111.18,107.24,109.77,294278,0,1.0
2022-05-09,110.43,110.49,102.13,103.09,368183,0,1.0
2022-05-10,102.65,104.16,98.86,99.76,389750,0,1.0
2022-05-11,99.0,106.44,98.2,105.71,382701,0,1.0
2022-05-12,105.63,107.37,102.66,106.13,323547,0,1.0
2022-05-13,106.65,110.64,106.29,110.49,240989,0,1.0
2022-05-16,110.98,114.9,108.11,114.2,289127,0,1.0
2022-05-17,113.87,115.56,111.75,112.4,252630,0,1.0
2022-05-18,113.66,115.42,108.46,109.59,103669,0,1.0
2022-05-19,109.09,112.62,105.13,112.21,68511,0,1.0
2022-05-20,111.45,114.04,110.85,113.23,229930,0,1.0
2022-05-23,110.56,111.96,109.15,110.29,215623,0,1.0
2022-05-24,110.41,111.43,108.61,109.77,224794,0,1.0
2022-05-25,110.39,111.68,109.23,110.33,191370,0,1.0
2022-05-26,110.69,114.83,110.27,114.09,234752,0,1.0
2022-05-27,114.2,115.3,112.85,115.07,217281,0,1.0
2022-05-31,114.96,119.98,114.15,114.67,440796,0,1.0
2022-06-01,115.4,117.87,114.58,115.26,290530,0,1.0
2022-06-02,114.8,117.77,111.2,116.87,327600,0,1.0
2022-06-03,117.55,120.46,115.23,118.87,240831,0,1.0
2022-06-06,120.82,120.99,117.63,118.5,246825,0,1.0
2022-06-07,119.1,120.36,117.14,119.41,341694,0,1.0
2022-06-08,119.79,123.18,119.3,122.11,340591,0,1.0
2022-06-09,122.43,122.72,120.79,121.51,293295,0,1.0
2022-06-10,121.46,122.75,118.33,120.67,352906,0,1.0
2022-06-13,120.19,122.25,117.47,120.93,372403,0,1.0
2022-06-14,121.09,123.68,116.62,118.93,366320,0,1.0
2022-06-15,119.07,119.61,114.6,115.31,301750,0,1.0
2022-06-16,115.98,118.08,112.31,117.59,162543,0,1.0
2022-06-17,117.08,118.97,108.25,109.56,103149,0,1.0
2022-06-21,110.58,112.47,108.72,110.65,427262,0,1.0
2022-06-22,109.54,109.76,101.53,106.19,432724,0,1.0
2022-06-23,104.42,107.05,102.32,104.27,346362,0,1.0
2022-06-24,103.99,108.58,103.64,107.62,321591,0,1.0
2022-06-27,107.22,110.54,105.6,109.57,282914,0,1.0
2022-06-28,110.18,112.22,109.62,111.76,306748,0,1.0
2022-06-29,111.86,114.05,109.22,109.78,322060,0,1.0
2022-06-30,109.7,110.45,105.1,105.76,362890,0,1.0
2022-07-01,106.01,109.34,104.56,108.43,305338,0,1.0
2022-07-05,108.8,111.45,97.43,99.5,594215,0,1.0
2022-07-06,100.36,102.14,95.1,98.53,444106,0,1.0
2022-07-07,98.22,104.48,96.57,102.73,379861,0,1.0
2022-07-08,102.22,105.24,101.51,104.79,327461,0,1.0
2022-07-11,104.79,105.05,100.89,104.09,348566,0,1.0
2022-07-12,103.46,103.49,95.35,95.84,398552,0,1.0
2022-07-13,95.89,97.96,93.67,96.3,347193,0,1.0
2022-07-14,96.57,97.0,90.56,95.78,387528,0,1.0
2022-07-15,96.39,99.03,94.57,97.59,240766,0,1.0
2022-07-18,97.27,102.8,95.85,102.6,84669,0,1.0
2022-07-19,102.0,104.46,99.85,104.22,63149,0,1.0
2022-07-20,103.6,104.39,101.51,102.26,315620,0,1.0
2022-07-21,99.91,99.99,94.59,96.35,318911,0,1.0
2022-07-22,96.51,97.95,94.23,94.7,307568,0,1.0
2022-07-25,95.1,96.94,93.01,96.7,278998,0,1.0
2022-07-26,96.33,99.0,94.76,94.98,310043,0,1.0
2022-07-27,95.6,98.59,94.3,97.26,321903,0,1.0
2022-07-28,98.17,99.84,96.04,96.42,318403,0,1.0
2022-07-29,97.3,101.88,96.41,98.62,349374,0,1.0
2022-08-01,98.46,98.65,92.42,93.89,365293,0,1.0
2022-08-02,93.75,96.47,92.59,94.42,328538,0,1.0
2022-08-03,93.83,96.57,90.38,90.66,395099,0,1.0
2022-08-04,90.95,91.9,87.55,88.54,334931,0,1.0
2022-08-05,88.06,90.76,87.01,89.01,350016,0,1.0
2022-08-08,88.46,90.89,87.22,90.76,340157,0,1.0
2022-08-09,90.69,92.65,89.05,90.5,347045,0,1.0
2022-08-10,90.51,92.43,87.66,91.93,383766,0,1.0
2022-08-11,91.55,95.05,91.24,94.34,341234,0,1.0
2022-08-12,94.09,94.81,91.16,92.09,264953,0,1.0
2022-08-15,91.94,92.1,86.82,89.41,275443,0,1.0
2022-08-16,87.93,90.65,85.73,86.53,305366,0,1.0
2022-08-17,87.1,89.16,85.88,88.11,230346,0,1.0
2022-08-18,87.39,91.46,87.32,90.5,80029,0,1.0
2022-08-19,90.39,92.09,88.38,90.77,58714,0,1.0
2022-08-22,89.65,91.26,86.6,90.23,352665,0,1.0
2022-08-23,90.55,94.22,90.42,93.74,285607,0,1.0
2022-08-24,93.78,95.4,92.79,94.89,320388,0,1.0
2022-08-25,95.35,95.76,92.29,92.52,279877,0,1.0
2022-08-26,93.06,94.02,91.08,93.06,288392,0,1.0
2022-08-29,92.96,97.37,92.29,97.01,283463,0,1.0
2022-08-30,96.9,97.66,90.54,91.64,386272,0,1.0
2022-08-31,92.31,92.73,88.27,89.55,344147,0,1.0
2022-09-01,88.83,89.63,85.98,86.61,305106,0,1.0
2022-09-02,86.56,89.66,86.35,86.87,277533,0,1.0
2022-09-06,86.84,90.39,86.18,86.88,420255,0,1.0
2022-09-07,86.93,87.76,81.5,81.94,380781,0,1.0
2022-09-08,81.91,84.25,81.2,83.54,342763,0,1.0
2022-09-09,82.8,87.2,82.71,86.79,305188,0,1.0
2022-09-12,86.25,89.1,85.16,87.78,275104,0,1.0
2022-09-13,88.09,89.31,85.06,87.31,347998,0,1.0
2022-09-14,87.94,90.19,86.18,88.48,335381,0,1.0
2022-09-15,88.91,89.15,84.53,85.1,235358,0,1.0
2022-09-16,85.16,86.59,84.27,85.11,87829,0,1.0
2022-09-19,85.21,86.22,82.1,85.73,59626,0,1.0
2022-09-20,85.61,86.45,83.52,84.45,279813,0,1.0
2022-09-21,84.25,86.68,82.49,82.94,339683,0,1.0
2022-09-22,83.07,86.0,82.4,83.49,303492,0,1.0
2022-09-23,83.54,83.92,78.04,78.74,334271,0,1.0
2022-09-26,79.23,80.31,76.25,76.71,280927,0,1.0
2022-09-27,76.47,79.51,76.42,78.5,283614,0,1.0
2022-09-28,78.08,82.34,76.55,82.15,324678,0,1.0
2022-09-29,81.9,82.94,80.34,81.23,286126,0,1.0
2022-09-30,81.74,82.56,79.14,79.49,253154,0,1.0
2022-10-03,81.02,84.56,80.87,83.63,287168,0,1.0
2022-10-04,83.22,86.98,83.22,86.52,302549,0,1.0
2022-10-05,86.37,88.42,85.42,87.76,329790,0,1.0
2022-10-06,88.08,89.07,87.04,88.45,235296,0,1.0
2022-10-07,88.93,93.31,88.0,92.64,429162,0,1.0
2022-10-10,93.48,93.64,90.54,91.13,289508,0,1.0
2022-10-11,91.14,91.35,87.91,89.35,333158,0,1.0
2022-10-12,88.67,90.07,86.28,87.27,332271,0,1.0
2022-10-13,87.08,89.66,85.56,89.11,298032,0,1.0
2022-10-14,89.27,89.73,85.2,85.61,237026,0,1.0
2022-10-17,85.59,87.12,84.61,85.46,172020,0,1.0
2022-10-18,85.7,86.51,82.09,82.82,97304,0,1.0
2022-10-19,83.69,86.2,82.59,85.55,71309,0,1.0
2022-10-20,85.94,88.17,85.22,85.98,338344,0,1.0
2022-10-21,85.07,85.9,83.15,85.05,272803,0,1.0
2022-10-24,85.24,85.92,82.63,84.58,250726,0,1.0
2022-10-25,84.88,86.03,83.06,85.32,240441,0,1.0
2022-10-26,85.07,88.41,84.14,87.91,287182,0,1.0
2022-10-27,88.26,89.79,87.33,89.08,292556,0,1.0
2022-10-28,88.67,88.76,87.08,87.9,263404,0,1.0
2022-10-31,88.39,88.65,85.3,86.53,285342,0,1.0
2022-11-01,86.43,89.45,85.92,88.37,274321,0,1.0
2022-11-02,88.62,90.36,87.72,90.0,280961,0,1.0
2022-11-03,89.35,89.67,87.6,88.17,239816,0,1.0
2022-11-04,87.9,92.87,87.82,92.61,354060,0,1.0
2022-11-07,91.0,93.74,90.4,91.79,322419,0,1.0
2022-11-08,91.87,92.17,88.52,88.91,344223,0,1.0
2022-11-09,88.57,89.24,85.5,85.83,388301,0,1.0
2022-11-10,85.85,87.35,84.7,86.47,340007,0,1.0
2022-11-11,86.27,90.1,86.18,88.96,301664,0,1.0
2022-11-14,89.02,89.84,85.15,85.87,315450,0,1.0
2022-11-15,85.25,88.68,84.06,86.92,331709,0,1.0
2022-11-16,86.89,87.51,84.2,85.59,225668,0,1.0
2022-11-17,85.22,85.45,81.4,81.64,138476,0,1.0
2022-11-18,82.09,82.64,77.24,80.08,96583,0,1.0
2022-11-21,80.3,80.3,75.08,79.73,475104,0,1.0
2022-11-22,80.22,82.36,79.85,80.95,269615,0,1.0
2022-11-23,81.08,81.95,76.83,77.94,379145,0,1.0
2022-11-25,77.51,79.9,76.22,76.28,266451,0,1.0
2022-11-28,75.93,77.84,73.6,77.24,405033,0,1.0
2022-11-29,76.54,79.65,76.29,78.2,381869,0,1.0
2022-11-30,79.0,81.38,78.4,80.55,287534,0,1.0
2022-12-01,80.4,83.34,79.93,81.22,321432,0,1.0
2022-12-02,81.47,82.22,79.65,79.98,280235,0,1.0
2022-12-05,79.99,82.72,76.77,76.93,346657,0,1.0
2022-12-06,77.35,77.88,73.41,74.25,380598,0,1.0
2022-12-07,74.55,75.38,71.75,72.01,392236,0,1.0
2022-12-08,72.38,75.44,71.12,71.46,474459,0,1.0
2022-12-09,71.85,72.92,70.08,71.02,356722,0,1.0
2022-12-12,71.79,73.99,70.25,73.17,323553,0,1.0
2022-12-13,73.29,76.37,73.21,75.39,352858,0,1.0
2022-12-14,75.27,77.75,74.9,77.28,292488,0,1.0
2022-12-15,77.37,77.77,75.33,76.11,224663,0,1.0
2022-12-16,76.37,76.57,73.33,74.29,99205,0,1.0
2022-12-19,74.5,76.41,73.81,75.19,69348,0,1.0
2022-12-20,75.7,76.75,74.31,76.09,254792,0,1.0
2022-12-21,75.99,78.61,75.8,78.29,234624,0,1.0
2022-12-22,78.43,79.9,77.03,77.49,219142,0,1.0
2022-12-23,78.18,80.33,77.98,79.56,237711,0,1.0
2022-12-27,79.9,81.18,79.16,79.53,199601,0,1.0
2022-12-28,79.89,79.92,77.3,78.96,207717,0,1.0
2022-12-29,78.82,78.82,76.79,78.4,199858,0,1.0
2022-12-30,78.73,80.67,77.71,80.26,205909,0,1.0
2023-01-03,80.57,81.5,76.6,76.93,338520,0,1.0
2023-01-04,77.25,77.42,72.73,72.84,352434,0,1.0
2023-01-05,73.25,74.92,72.46,73.67,300731,0,1.0
2023-01-06,73.97,75.47,73.24,73.77,258128,0,1.0
2023-01-09,73.47,76.74,73.47,74.63,329290,0,1.0
2023-01-10,74.86,75.92,73.84,75.12,307430,0,1.0
2023-01-11,74.78,77.84,74.31,77.41,350891,0,1.0
2023-01-12,77.7,79.16,77.1,78.39,307705,0,1.0
2023-01-13,78.32,80.11,77.97,79.86,283539,0,1.0
2023-01-17,80.1,81.23,78.53,80.18,312275,0,1.0
2023-01-18,80.97,82.38,78.94,79.48,92549,0,1.0
2023-01-19,79.14,81.18,78.13,80.33,58863,0,1.0
2023-01-20,80.6,81.64,79.69,81.31,300145,0,1.0
2023-01-23,81.79,82.64,81.05,81.62,297076,0,1.0
2023-01-24,81.62,82.22,79.66,80.13,288207,0,1.0
2023-01-25,80.26,81.23,79.45,80.15,297234,0,1.0
2023-01-26,80.48,82.14,79.92,81.01,291060,0,1.0
2023-01-27,81.22,82.48,79.04,79.68,367588,0,1.0
2023-01-30,80.04,80.49,77.66,77.9,327426,0,1.0
2023-01-31,77.91,79.25,76.55,78.87,312734,0,1.0
2023-02-01,79.06,79.73,76.05,76.41,360859,0,1.0
2023-02-02,76.79,77.24,74.97,75.88,339755,0,1.0
2023-02-03,75.92,78.0,73.1,73.39,413414,0,1.0
2023-02-06,73.23,74.51,72.25,74.11,380028,0,1.0
2023-02-07,74.57,77.6,74.35,77.14,408279,0,1.0
2023-02-08,77.49,78.57,77.08,78.47,353468,0,1.0
2023-02-09,78.45,78.84,76.52,78.06,324156,0,1.0
2023-02-10,77.68,80.33,77.47,79.72,356062,0,1.0
2023-02-13,79.94,80.62,78.45,80.14,301299,0,1.0
2023-02-14,79.06,79.61,77.46,79.06,299938,0,1.0
2023-02-15,78.83,79.15,77.25,78.59,264486,0,1.0
2023-02-16,78.54,79.54,77.92,78.49,117600,0,1.0
2023-02-17,78.07,78.25,75.06,76.34,93267,0,1.0
2023-02-21,76.53,77.51,75.69,76.16,402351,0,1.0
2023-02-22,76.11,76.55,73.8,73.95,332018,0,1.0
2023-02-23,73.92,75.99,73.83,75.39,333838,0,1.0
2023-02-24,75.6,76.63,74.09,76.32,329254,0,1.0
2023-02-27,76.42,76.82,74.99,75.68,266091,0,1.0
2023-02-28,75.76,77.83,75.55,77.05,300093,0,1.0
2023-03-01,76.85,77.85,76.12,77.69,342121,0,1.0
2023-03-02,77.74,78.59,77.23,78.16,260331,0,1.0
2023-03-03,77.89,79.9,75.83,79.68,374201,0,1.0
2023-03-06,79.92,80.63,78.32,80.46,292351,0,1.0
2023-03-07,80.5,80.94,77.06,77.58,398241,0,1.0
2023-03-08,77.32,77.73,76.11,76.66,335930,0,1.0
2023-03-09,76.5,78.06,75.43,75.72,349960,0,1.0
2023-03-10,75.65,77.11,74.77,76.68,371834,0,1.0
2023-03-13,76.6,77.47,72.3,74.8,457423,0,1.0
2023-03-14,74.7,74.9,70.78,71.33,432858,0,1.0
2023-03-15,71.56,72.56,65.65,67.61,555164,0,1.0
2023-03-16,68.22,69.38,65.71,68.35,327120,0,1.0
2023-03-17,68.26,69.64,65.17,66.74,152255,0,1.0
2023-03-20,66.62,67.7,64.12,67.64,76873,0,1.0
2023-03-21,67.62,69.6,66.77,69.33,409495,0,1.0
2023-03-22,69.48,71.31,68.89,70.9,337639,0,1.0
2023-03-23,69.95,71.67,69.14,69.96,335241,0,1.0
2023-03-24,69.51,70.38,66.82,69.26,380852,0,1.0
2023-03-27,69.42,73.1,69.13,72.81,353598,0,1.0
2023-03-28,72.86,73.93,72.19,73.2,328472,0,1.0
2023-03-29,73.61,74.37,72.76,72.97,312669,0,1.0
2023-03-30,72.98,74.63,72.61,74.37,269743,0,1.0
2023-03-31,74.37,75.72,73.77,75.67,304361,0,1.0
2023-04-03,80.1,81.69,79.0,80.42,547126,0,1.0
2023-04-04,80.44,81.81,79.61,80.71,343570,0,1.0
2023-04-05,81.01,81.24,79.72,80.61,254974,0,1.0
2023-04-06,80.37,80.96,79.65,80.7,0,0,1.0
2023-04-10,80.5,81.22,79.61,79.74,264906,0,1.0
2023-04-11,79.88,81.59,79.37,81.53,309683,0,1.0
2023-04-12,81.44,83.53,81.28,83.26,356133,0,1.0
2023-04-13,83.22,83.44,82.11,82.16,261230,0,1.0
2023-04-14,82.4,83.12,81.76,82.52,275129,0,1.0
2023-04-17,82.48,82.71,80.47,80.83,217048,0,1.0
2023-04-18,81.0,81.48,79.87,80.86,96290,0,1.0
2023-04-19,80.92,81.18,78.46,79.16,78310,0,1.0
2023-04-20,78.87,78.89,76.97,77.29,361413,0,1.0
2023-04-21,77.13,78.39,76.72,77.87,291114,0,1.0
2023-04-24,77.97,79.18,76.72,78.76,306720,0,1.0
2023-04-25,78.74,79.07,76.5,77.07,361646,0,1.0
2023-04-26,77.08,77.93,74.05,74.3,497778,0,1.0
2023-04-27,74.38,75.28,74.03,74.76,345880,0,1.0
2023-04-28,74.91,76.92,73.93,76.78,328399,0,1.0
2023-05-01,76.66,76.69,74.53,75.66,215017,0,1.0
2023-05-02,75.76,76.11,71.42,71.66,417820,0,1.0
2023-05-03,71.56,71.79,67.95,68.6,490523,0,1.0
2023-05-04,68.16,69.84,63.64,68.56,412495,0,1.0
2023-05-05,68.7,71.81,68.48,71.34,330585,0,1.0
2023-05-08,71.35,73.69,71.04,73.16,290076,0,1.0
2023-05-09,72.84,73.78,71.34,73.71,317493,0,1.0
2023-05-10,73.58,73.89,71.8,72.56,351506,0,1.0
2023-05-11,72.77,73.5,70.63,70.87,365892,0,1.0
2023-05-12,71.42,71.78,69.93,70.04,275435,0,1.0
2023-05-15,70.04,71.69,69.41,71.11,259013,0,1.0
2023-05-16,71.32,71.79,70.45,70.86,232328,0,1.0
2023-05-17,70.6,73.26,70.04,72.83,273708,0,1.0
2023-05-18,72.75,72.87,71.42,71.86,80864,0,1.0
2023-05-19,71.94,73.4,71.03,71.55,69949,0,1.0
2023-05-22,71.7,72.36,70.55,71.99,263977,0,1.0
2023-05-23,72.1,73.79,71.71,72.91,317586,0,1.0
2023-05-24,73.77,74.73,73.13,74.34,386611,0,1.0
2023-05-25,74.21,74.37,70.98,71.83,422637,0,1.0
2023-05-26,71.89,73.05,71.49,72.67,261498,0,1.0
2023-05-30,73.23,73.55,69.02,69.46,440862,0,1.0
2023-05-31,69.62,69.69,67.03,68.09,444787,0,1.0
2023-06-01,67.6,71.07,67.51,70.1,395393,0,1.0
2023-06-02,70.21,72.17,70.0,71.74,322596,0,1.0
2023-06-05,75.03,75.06,71.73,72.15,383943,0,1.0
2023-06-06,71.99,72.33,70.13,71.74,314962,0,1.0
2023-06-07,71.56,73.19,71.01,72.53,299127,0,1.0
2023-06-08,72.47,73.28,69.03,71.29,485396,0,1.0
2023-06-09,70.94,71.77,70.1,70.17,300724,0,1.0
2023-06-12,70.27,70.33,66.8,67.12,404769,0,1.0
2023-06-13,67.31,69.83,67.15,69.42,366354,0,1.0
2023-06-14,69.35,70.49,68.07,68.27,304449,0,1.0
2023-06-15,68.7,70.96,67.97,70.62,115613,0,1.0
2023-06-16,70.55,71.89,69.95,71.78,99185,0,1.0
2023-06-20,71.45,72.09,69.65,70.5,430492,0,1.0
2023-06-21,70.9,72.72,70.8,72.53,264656,0,1.0
2023-06-22,72.43,72.65,68.93,69.51,421348,0,1.0
2023-06-23,69.53,69.65,67.35,69.16,322475,0,1.0
2023-06-26,69.84,70.11,68.71,69.37,280116,0,1.0
2023-06-27,69.49,70.15,67.5,67.7,384752,0,1.0
2023-06-28,68.01,69.73,67.05,69.56,368295,0,1.0
2023-06-29,69.25,70.6,68.93,69.86,292865,0,1.0
2023-06-30,69.82,71.04,69.53,70.64,299873,0,1.0
2023-07-03,70.45,71.77,69.69,69.79,303479,0,1.0
2023-07-05,70.15,72.17,69.9,71.79,456809,0,1.0
2023-07-06,71.8,72.34,70.22,71.8,395381,0,1.0
2023-07-07,71.89,73.92,71.19,73.86,362632,0,1.0
2023-07-10,73.86,74.15,72.67,72.99,301014,0,1.0
2023-07-11,73.19,74.96,72.98,74.83,326883,0,1.0
2023-07-12,74.83,76.15,74.67,75.75,352887,0,1.0
2023-07-13,75.85,77.33,75.32,76.89,379728,0,1.0
2023-07-14,77.16,77.3,75.11,75.42,299576,0,1.0
2023-07-17,75.02,76.09,73.84,74.15,244785,0,1.0
2023-07-18,74.18,75.96,73.88,75.75,125092,0,1.0
2023-07-19,75.84,76.97,75.07,75.35,92920,0,1.0
2023-07-20,75.35,76.15,74.72,75.63,340962,0,1.0
2023-07-21,75.7,77.29,75.69,77.07,308106,0,1.0
2023-07-24,77.01,79.28,76.44,78.74,368285,0,1.0
2023-07-25,78.85,79.9,78.29,79.63,349600,0,1.0
2023-07-26,79.34,79.77,78.55,78.78,322031,0,1.0
2023-07-27,78.9,80.6,78.87,80.09,374358,0,1.0
2023-07-28,79.84,80.71,79.07,80.58,299547,0,1.0
2023-07-31,80.65,82.0,80.13,81.8,297270,0,1.0
2023-08-01,81.73,82.22,80.59,81.37,307859,0,1.0
2023-08-02,82.05,82.43,79.05,79.49,414825,0,1.0
2023-08-03,79.77,81.86,78.69,81.55,402641,0,1.0
2023-08-04,81.73,83.24,81.51,82.82,320873,0,1.0
2023-08-07,82.82,83.3,81.52,81.94,293036,0,1.0
2023-08-08,82.53,83.08,79.9,82.92,424545,0,1.0
2023-08-09,82.88,84.65,82.67,84.4,478140,0,1.0
2023-08-10,84.25,84.89,82.58,82.82,362188,0,1.0
2023-08-11,82.83,83.81,82.23,83.19,331254,0,1.0
2023-08-14,83.09,83.2,81.76,82.51,277352,0,1.0
2023-08-15,82.52,82.91,80.4,80.99,303207,0,1.0
2023-08-16,81.23,81.43,79.05,79.38,325403,0,1.0
2023-08-17,79.25,81.08,78.95,80.39,235581,0,1.0
2023-08-18,80.04,81.61,79.59,81.25,128090,0,1.0
2023-08-21,81.43,82.47,80.61,80.72,115874,0,1.0
2023-08-22,80.8,80.99,80.1,80.35,287489,0,1.0
2023-08-23,79.64,79.91,77.62,78.89,378146,0,1.0
2023-08-24,78.57,79.28,77.59,79.05,349230,0,1.0
2023-08-25,78.88,80.45,78.14,79.83,411409,0,1.0
2023-08-28,80.15,80.87,79.61,80.1,246584,0,1.0
2023-08-29,79.98,81.41,79.34,81.16,284168,0,1.0
2023-08-30,81.29,82.05,80.88,81.63,299418,0,1.0
2023-08-31,81.7,83.69,81.48,83.63,368848,0,1.0
2023-09-01,83.63,86.06,83.46,85.55,420461,0,1.0
2023-09-05,86.06,88.07,85.02,86.69,452908,0,1.0
2023-09-06,86.72,88.08,85.93,87.54,307115,0,1.0
2023-09-07,87.54,87.74,86.39,86.87,270736,0,1.0
2023-09-08,86.78,87.95,86.15,87.51,294437,0,1.0
2023-09-11,87.4,88.15,86.71,87.29,292388,0,1.0
2023-09-12,87.27,89.37,87.22,88.84,341137,0,1.0
2023-09-13,88.75,89.64,88.29,88.52,345972,0,1.0
2023-09-14,88.81,90.79,88.68,90.16,325270,0,1.0
2023-09-15,90.67,91.23,89.22,90.77,315003,0,1.0
2023-09-18,91.2,92.43,90.75,91.48,119258,0,1.0
2023-09-19,92.22,93.74,91.07,91.2,94597,0,1.0
2023-09-20,91.55,91.98,89.87,90.28,457854,0,1.0
2023-09-21,89.3,90.98,88.37,89.63,351032,0,1.0
2023-09-22,89.62,91.33,89.31,90.03,402087,0,1.0
2023-09-25,90.55,90.83,89.03,89.68,328369,0,1.0
2023-09-26,89.88,90.74,88.19,90.39,318016,0,1.0
2023-09-27,90.53,94.17,90.4,93.68,504630,0,1.0
2023-09-28,93.78,95.03,91.39,91.71,406709,0,1.0
2023-09-29,91.76,93.1,90.35,90.79,355782,0,1.0
2023-10-02,90.82,91.88,88.46,88.82,334493,0,1.0
2023-10-03,88.67,90.27,87.76,89.23,350659,0,1.0
2023-10-04,89.42,89.59,84.16,84.22,459995,0,1.0
2023-10-05,84.45,84.92,82.15,82.31,465997,0,1.0
2023-10-06,82.28,83.28,81.5,82.79,461139,0,1.0
2023-10-09,85.25,87.24,84.67,86.38,435037,0,1.0
2023-10-10,86.43,86.74,85.12,85.97,337654,0,1.0
2023-10-11,85.96,86.51,83.11,83.49,425395,0,1.0
2023-10-12,83.2,85.2,82.31,82.91,373492,0,1.0
2023-10-13,83.51,87.83,83.35,87.69,356863,0,1.0
2023-10-16,87.72,88.33,86.32,86.66,235780,0,1.0
2023-10-17,87.06,87.75,85.6,86.66,197124,0,1.0
2023-10-18,87.81,89.88,87.2,88.32,92797,0,1.0
2023-10-19,88.24,90.68,86.6,89.37,72058,0,1.0
2023-10-20,90.28,90.78,88.33,88.75,311917,0,1.0
2023-10-23,88.0,88.29,85.35,85.49,315517,0,1.0
2023-10-24,86.15,86.3,82.94,83.74,370591,0,1.0
2023-10-25,83.69,85.56,82.08,85.39,429459,0,1.0
2023-10-26,85.37,85.59,82.56,83.21,341792,0,1.0
2023-10-27,83.53,85.9,83.1,85.54,333760,0,1.0
2023-10-30,85.0,85.3,81.82,82.31,356928,0,1.0
2023-10-31,82.59,83.37,80.74,81.02,346007,0,1.0
2023-11-01,81.48,83.42,80.3,80.44,321592,0,1.0
2023-11-02,80.82,82.83,80.22,82.46,307122,0,1.0
2023-11-03,82.58,83.6,80.1,80.51,457281,0,1.0
2023-11-06,81.13,82.24,80.66,80.82,271131,0,1.0
2023-11-07,80.93,81.05,77.09,77.37,396289,0,1.0
2023-11-08,77.12,77.53,74.91,75.33,429647,0,1.0
2023-11-09,75.65,77.16,75.21,75.74,303430,0,1.0
2023-11-10,75.59,77.73,75.31,77.17,266998,0,1.0
2023-11-13,77.15,78.64,76.21,78.26,262903,0,1.0
2023-11-14,78.53,79.77,77.79,78.26,263002,0,1.0
2023-11-15,78.17,78.77,76.31,76.66,282301,0,1.0
2023-11-16,76.6,76.63,72.16,72.9,125165,0,1.0
2023-11-17,72.97,75.99,72.75,75.89,101484,0,1.0
2023-11-20,75.65,78.22,75.65,77.6,270638,0,1.0
2023-11-21,77.65,77.92,76.92,77.77,238629,0,1.0
2023-11-22,77.77,77.97,73.79,77.1,389325,0,1.0
2023-11-24,76.79,77.09,75.07,75.54,281147,0,1.0
2023-11-27,75.31,76.23,74.06,74.86,289562,0,1.0
2023-11-28,75.07,77.02,74.64,76.41,286618,0,1.0
2023-11-29,76.56,78.09,75.67,77.86,322170,0,1.0
2023-11-30,77.75,79.6,75.05,75.96,559169,0,1.0
2023-12-01,75.59,76.76,73.93,74.07,358976,0,1.0
2023-12-04,74.58,75.03,72.63,73.04,388832,0,1.0
2023-12-05,73.3,74.12,72.02,72.32,358703,0,1.0
2023-12-06,72.1,72.6,69.11,69.38,436803,0,1.0
2023-12-07,69.28,70.48,68.8,69.34,339000,0,1.0
2023-12-08,69.76,71.63,69.5,71.23,302250,0,1.0
2023-12-11,71.15,71.81,70.35,71.32,274414,0,1.0
2023-12-12,71.43,71.96,68.22,68.61,324530,0,1.0
2023-12-13,68.73,69.89,67.71,69.47,306996,0,1.0
2023-12-14,69.85,72.46,69.54,71.58,275688,0,1.0
2023-12-15,71.61,72.22,70.3,71.43,95513,0,1.0
2023-12-18,71.68,74.26,70.64,72.47,73941,0,1.0
2023-12-19,72.48,74.01,71.85,73.44,230042,0,1.0
2023-12-20,74.06,75.37,73.6,74.22,273364,0,1.0
2023-12-21,73.81,74.58,72.44,73.89,251982,0,1.0
2023-12-22,73.91,74.98,73.39,73.56,222600,0,1.0
2023-12-26,73.56,76.18,73.13,75.57,208715,0,1.0
2023-12-27,75.32,75.66,73.77,74.11,253323,0,1.0
2023-12-28,73.8,74.4,71.72,71.77,262748,0,1.0
2023-12-29,71.99,72.62,71.25,71.65,214486,0,1.0
2024-01-02,71.71,73.64,70.06,70.38,330992,0,1.0
2024-01-03,70.5,73.23,69.28,72.7,334861,0,1.0
2024-01-04,73.04,74.0,71.06,72.19,344467,0,1.0
2024-01-05,72.4,74.24,72.21,73.81,325525,0,1.0
2024-01-08,73.51,73.95,70.13,70.77,392249,0,1.0
2024-01-09,70.91,72.93,70.47,72.24,363445,0,1.0
2024-01-10,72.17,73.59,71.01,71.37,352772,0,1.0
2024-01-11,71.33,73.81,71.17,72.02,373645,0,1.0
2024-01-12,73.01,75.25,72.36,72.68,403636,0,1.0
2024-01-16,72.63,73.56,71.23,72.4,430437,0,1.0
2024-01-17,72.0,72.95,70.5,72.56,315679,0,1.0
2024-01-18,72.78,74.38,72.18,74.08,86646,0,1.0
2024-01-19,74.08,74.91,73.2,73.41,78234,0,1.0
2024-01-22,73.41,75.75,72.89,75.19,372284,0,1.0
2024-01-23,74.68,75.25,73.41,74.37,306060,0,1.0
2024-01-24,74.57,75.83,73.94,75.09,323726,0,1.0
2024-01-25,75.3,77.51,75.16,77.36,320177,0,1.0
2024-01-26,77.15,78.26,76.06,78.01,365456,0,1.0
2024-01-29,78.9,79.29,76.41,76.78,331925,0,1.0
2024-01-30,77.02,78.14,75.85,77.82,347242,0,1.0
2024-01-31,77.84,78.11,75.52,75.85,344493,0,1.0
2024-02-01,75.96,76.95,73.7,73.82,577936,0,1.0
2024-02-02,73.91,74.52,71.79,72.28,467768,0,1.0
2024-02-05,72.75,73.28,71.41,72.78,350843,0,1.0
2024-02-06,72.76,73.82,72.38,73.31,310955,0,1.0
2024-02-07,73.5,74.22,73.23,73.86,294955,0,1.0
2024-02-08,74.08,76.59,73.56,76.22,377906,0,1.0
2024-02-09,76.42,77.29,75.93,76.84,302612,0,1.0
2024-02-12,76.6,77.09,75.54,76.92,248476,0,1.0
2024-02-13,77.03,78.47,76.87,77.87,338174,0,1.0
2024-02-14,77.81,78.77,76.38,76.64,296131,0,1.0
2024-02-15,76.6,78.44,75.78,78.03,122432,0,1.0
2024-02-16,78.11,79.35,77.22,79.19,113713,0,1.0
2024-02-20,78.98,79.8,77.67,78.18,435235,0,1.0
2024-02-21,77.15,78.08,76.32,77.91,323243,0,1.0
2024-02-22,78.09,78.92,77.23,78.61,330511,0,1.0
2024-02-23,78.37,78.39,76.35,76.49,353437,0,1.0
2024-02-26,76.4,78.03,75.84,77.58,274710,0,1.0
2024-02-27,77.62,79.0,77.17,78.87,269236,0,1.0
2024-02-28,78.48,79.62,77.78,78.54,330043,0,1.0
2024-02-29,78.2,79.28,77.94,78.26,317939,0,1.0
2024-03-01,78.28,80.85,78.05,79.97,363417,0,1.0
2024-03-04,80.14,80.41,78.56,78.74,347214,0,1.0
2024-03-05,78.74,79.49,77.52,78.15,436521,0,1.0
2024-03-06,78.15,80.67,77.99,79.13,371049,0,1.0
2024-03-07,79.13,79.53,78.02,78.93,432923,0,1.0
2024-03-08,79.51,79.99,77.56,78.01,347533,0,1.0
2024-03-11,77.8,78.47,76.79,77.93,329873,0,1.0
2024-03-12,78.09,78.73,77.34,77.56,309922,0,1.0
2024-03-13,78.06,79.9,77.57,79.72,316390,0,1.0
2024-03-14,79.63,81.62,79.57,81.26,297450,0,1.0
2024-03-15,81.14,81.45,80.49,81.04,185078,0,1.0
2024-03-18,81.03,83.09,81.01,82.72,84718,0,1.0
2024-03-19,82.85,83.85,82.39,83.47,76814,0,1.0
2024-03-20,83.2,83.21,81.44,81.68,351161,0,1.0
2024-03-21,81.49,81.92,80.3,81.07,266860,0,1.0
2024-03-22,80.84,81.45,80.42,80.63,231101,0,1.0
2024-03-25,80.85,82.48,80.59,81.95,300360,0,1.0
2024-03-26,81.94,82.36,81.22,81.62,235845,0,1.0
2024-03-27,81.29,81.74,80.55,81.35,249964,0,1.0
2024-03-28,81.71,83.21,81.52,83.17,293774,0,1.0
2024-04-01,83.14,84.49,82.6,83.71,321059,0,1.0
2024-04-02,84.04,85.5,83.85,85.15,344040,0,1.0
2024-04-03,85.46,86.2,84.85,85.43,322549,0,1.0
2024-04-04,85.66,87.22,84.64,86.59,359534,0,1.0
2024-04-05,86.86,87.63,86.32,86.91,353206,0,1.0
2024-04-08,86.1,87.1,84.69,86.43,393734,0,1.0
2024-04-09,86.59,86.98,85.09,85.23,314994,0,1.0
2024-04-10,85.34,86.38,84.55,86.21,373939,0,1.0
2024-04-11,86.32,86.63,84.84,85.02,388128,0,1.0
2024-04-12,85.6,87.67,85.24,85.66,369958,0,1.0
2024-04-15,85.93,86.11,84.05,85.41,343894,0,1.0
2024-04-16,85.7,86.18,84.75,85.36,241343,0,1.0
2024-04-17,85.36,85.51,82.55,82.69,259540,0,1.0
2024-04-18,82.79,83.47,81.56,82.73,84468,0,1.0
2024-04-19,82.62,86.28,81.8,83.14,76901,0,1.0
2024-04-22,83.05,83.35,81.85,82.85,313914,0,1.0
2024-04-23,82.13,83.43,80.88,83.36,355814,0,1.0
2024-04-24,83.4,83.71,82.44,82.81,329077,0,1.0
2024-04-25,82.83,83.83,81.99,83.57,314116,0,1.0
2024-04-26,83.81,84.46,83.35,83.85,244090,0,1.0
2024-04-29,83.69,83.91,82.4,82.63,336984,0,1.0
2024-04-30,82.76,83.3,80.95,81.93,400680,0,1.0
2024-05-01,81.48,81.57,78.83,79.0,441978,0,1.0
2024-05-02,79.15,79.9,78.41,78.95,359652,0,1.0
2024-05-03,79.07,79.63,77.96,78.11,324438,0,1.0
2024-05-06,78.16,79.09,77.91,78.48,297369,0,1.0
2024-05-07,78.72,79.17,77.55,78.38,327593,0,1.0
2024-05-08,78.34,79.27,76.89,78.99,355449,0,1.0
2024-05-09,79.23,79.8,78.91,79.26,272712,0,1.0
2024-05-10,79.59,79.96,78.14,78.26,281169,0,1.0
2024-05-13,78.18,79.49,77.78,79.12,287701,0,1.0
2024-05-14,79.23,79.38,77.68,78.02,307410,0,1.0
2024-05-15,78.44,78.92,76.7,78.63,321267,0,1.0
2024-05-16,78.84,79.85,78.2,79.23,230277,0,1.0
2024-05-17,79.38,80.14,79.0,80.06,94152,0,1.0
2024-05-20,80.01,80.6,79.17,79.8,85072,0,1.0
2024-05-21,79.7,79.72,78.08,79.26,371672,0,1.0
2024-05-22,78.21,78.41,77.25,77.57,314145,0,1.0
2024-05-23,77.29,78.66,76.43,76.87,330273,0,1.0
2024-05-24,77.04,78.05,76.15,77.72,299075,0,1.0
2024-05-28,77.81,80.29,77.69,79.83,334074,0,1.0
2024-05-29,80.26,80.62,78.99,79.23,259594,0,1.0
2024-05-30,79.28,79.42,77.63,77.91,373779,0,1.0
2024-05-31,77.91,78.62,76.67,76.99,345120,0,1.0
2024-06-03,76.97,77.52,73.98,74.22,443271,0,1.0
2024-06-04,74.02,74.13,72.48,73.25,408721,0,1.0
2024-06-05,72.9,74.33,72.82,74.07,307701,0,1.0
2024-06-06,74.3,75.79,74.06,75.55,291082,0,1.0
2024-06-07,75.67,76.25,75.21,75.53,280253,0,1.0
2024-06-10,75.35,78.29,75.23,77.74,317031,0,1.0
2024-06-11,78.12,78.36,77.22,77.9,314874,0,1.0
2024-06-12,78.22,79.32,77.88,78.5,322285,0,1.0
2024-06-13,78.37,78.89,77.67,78.62,307638,0,1.0
2024-06-14,77.96,79.15,77.73,78.45,245827,0,1.0
2024-06-17,78.48,80.66,77.98,80.33,126733,0,1.0
2024-06-18,80.43,81.67,79.77,81.57,140709,0,1.0
2024-06-20,81.52,82.41,81.13,82.17,420499,0,1.0
2024-06-21,81.27,81.79,80.35,80.73,290500,0,1.0
2024-06-24,80.45,81.78,80.23,81.63,271745,0,1.0
2024-06-25,81.7,81.9,80.55,80.83,286038,0,1.0
2024-06-26,80.72,81.63,80.18,80.9,308410,0,1.0
2024-06-27,80.86,82.04,80.51,81.74,306342,0,1.0
2024-06-28,81.86,82.72,80.97,81.54,260252,0,1.0
2024-07-01,81.45,83.64,81.38,83.38,345780,0,1.0
2024-07-02,83.43,84.38,82.72,82.81,367787,0,1.0
2024-07-03,83.2,83.93,82.46,83.88,289685,0,1.0
2024-07-05,83.6,84.52,83.02,83.16,361357,0,1.0
2024-07-08,83.15,83.32,82.08,82.33,251774,0,1.0
2024-07-09,82.22,82.48,81.25,81.41,297325,0,1.0
2024-07-10,81.81,82.66,80.81,82.1,334380,0,1.0
2024-07-11,82.4,83.13,81.63,82.62,324170,0,1.0
2024-07-12,82.86,83.74,82.1,82.21,370062,0,1.0
2024-07-15,82.16,82.58,81.47,81.91,296520,0,1.0
2024-07-16,81.92,81.93,80.22,80.76,308186,0,1.0
2024-07-17,80.85,83.1,80.45,82.85,257437,0,1.0
2024-07-18,83.11,83.82,82.04,82.82,95704,0,1.0
2024-07-19,82.47,82.88,80.07,80.13,83795,0,1.0
2024-07-22,80.39,80.69,79.17,79.78,345235,0,1.0
2024-07-23,78.27,78.73,76.4,76.96,417941,0,1.0
2024-07-24,77.45,78.19,76.98,77.59,355971,0,1.0
2024-07-25,77.5,78.47,76.04,78.28,457288,0,1.0
2024-07-26,78.35,78.6,76.19,77.16,365121,0,1.0
2024-07-29,77.3,77.69,75.35,75.81,362635,0,1.0
2024-07-30,75.91,75.97,74.59,74.73,419478,0,1.0
2024-07-31,75.24,78.66,75.18,77.91,460315,0,1.0
2024-08-01,78.59,78.88,76.24,76.31,383014,0,1.0
2024-08-02,76.87,77.29,72.97,73.52,467786,0,1.0
2024-08-05,74.21,74.46,71.67,72.94,500151,0,1.0
2024-08-06,73.86,74.56,72.2,73.2,352250,0,1.0
2024-08-07,72.84,75.84,72.58,75.23,427995,0,1.0
2024-08-08,75.47,76.52,74.6,76.19,327301,0,1.0
2024-08-09,76.02,77.09,75.85,76.84,263007,0,1.0
2024-08-12,76.99,80.16,76.7,80.06,376747,0,1.0
2024-08-13,79.74,80.15,78.16,78.35,370763,0,1.0
2024-08-14,78.73,79.1,76.83,76.98,357636,0,1.0
2024-08-15,77.52,78.6,76.93,78.16,195122,0,1.0
2024-08-16,78.16,78.16,75.54,76.65,100810,0,1.0
2024-08-19,76.58,76.87,74.17,74.37,118172,0,1.0
2024-08-20,74.34,75.03,73.5,74.04,329276,0,1.0
2024-08-21,73.12,74.16,71.46,71.93,390527,0,1.0
2024-08-22,71.93,73.52,71.58,73.01,334117,0,1.0
2024-08-23,72.96,75.07,72.83,74.83,313764,0,1.0
2024-08-26,75.1,77.6,75.04,77.42,409675,0,1.0
2024-08-27,77.2,77.48,75.4,75.53,331162,0,1.0
2024-08-28,75.75,75.95,73.82,74.52,337361,0,1.0
2024-08-29,74.42,76.91,74.05,75.91,408147,0,1.0
2024-08-30,75.87,76.59,73.36,73.55,427273,0,1.0
2024-09-03,73.53,74.41,70.1,70.34,546617,0,1.0
2024-09-04,70.28,71.46,68.82,69.2,482025,0,1.0
2024-09-05,69.27,70.82,68.75,69.15,405596,0,1.0
2024-09-06,69.33,70.13,67.17,67.67,351074,0,1.0
2024-09-09,68.13,68.96,67.31,68.71,351074,0,1.0
2024-09-10,68.78,69.08,65.27,65.75,442855,0,1.0
2024-09-11,66.28,67.97,65.63,67.31,393311,0,1.0
2024-09-12,67.39,69.81,67.24,68.97,351976,0,1.0
2024-09-13,69.31,70.32,68.47,68.65,308983,0,1.0
2024-09-16,69.16,70.7,68.65,70.09,295176,0,1.0
2024-09-17,70.5,71.92,69.61,71.19,251629,0,1.0
2024-09-18,71.14,71.48,69.73,70.91,102907,0,1.0
2024-09-19,70.13,72.49,70.13,71.95,86630,0,1.0
2024-09-20,72.1,72.4,71.36,71.92,306997,0,1.0
2024-09-23,71.31,71.81,69.49,70.37,338267,0,1.0
2024-09-24,70.76,72.4,70.44,71.56,318516,0,1.0
2024-09-25,71.54,71.72,69.23,69.69,476237,0,1.0
2024-09-26,69.89,70.01,66.95,67.67,478069,0,1.0
2024-09-27,67.45,68.65,67.06,68.18,341133,0,1.0
2024-09-30,68.63,69.32,67.57,68.17,350115,0,1.0
2024-10-01,68.41,71.94,66.33,69.83,668216,0,1.0
2024-10-02,70.8,72.49,69.87,70.1,429225,0,1.0
2024-10-03,70.98,74.09,70.52,73.71,460554,0,1.0
2024-10-04,73.95,75.57,73.46,74.38,428815,0,1.0
2024-10-07,74.4,77.4,73.62,77.14,419018,0,1.0
2024-10-08,77.33,78.46,72.69,73.57,496760,0,1.0
2024-10-09,73.84,74.45,71.53,73.24,401159,0,1.0
2024-10-10,73.39,76.24,73.26,75.85,321453,0,1.0
2024-10-11,75.74,76.04,74.53,75.56,315302,0,1.0
2024-10-14,75.05,75.08,71.81,73.83,273455,0,1.0
2024-10-15,71.51,72.12,69.71,70.58,328738,0,1.0
2024-10-16,70.99,71.31,69.64,70.39,222437,0,1.0
2024-10-17,70.68,71.11,69.44,70.67,188161,0,1.0
2024-10-18,70.75,71.23,68.69,69.22,95768,0,1.0
2024-10-21,69.46,71.03,69.0,70.56,92584,0,1.0
2024-10-22,70.49,72.66,70.05,72.09,330456,0,1.0
2024-10-23,71.35,71.72,70.13,70.77,293835,0,1.0
2024-10-24,71.02,72.34,69.77,70.19,286571,0,1.0
2024-10-25,70.33,71.92,69.96,71.78,287189,0,1.0
2024-10-28,68.98,69.0,66.92,67.38,419623,0,1.0
2024-10-29,68.02,68.52,66.72,67.21,291929,0,1.0
2024-10-30,67.47,69.17,67.28,68.61,284795,0,1.0
2024-10-31,69.1,70.81,68.3,69.26,311055,0,1.0
2024-11-01,70.44,71.45,69.32,69.49,320572,0,1.0
2024-11-04,70.29,71.81,70.25,71.47,286947,0,1.0
2024-11-05,71.62,72.67,71.29,71.99,247311,0,1.0
2024-11-06,72.02,72.63,69.74,71.69,388265,0,1.0
2024-11-07,71.87,72.88,70.66,72.36,353595,0,1.0
2024-11-08,72.21,72.25,69.99,70.38,362038,0,1.0
2024-11-11,70.25,70.56,67.92,68.04,364506,0,1.0
2024-11-12,68.15,69.13,67.75,68.12,286926,0,1.0
2024-11-13,67.98,68.86,66.94,68.43,386027,0,1.0
2024-11-14,68.13,69.39,67.92,68.7,232270,0,1.0
2024-11-15,68.62,68.69,66.82,67.02,205235,0,1.0
2024-11-18,66.86,69.39,66.61,69.16,110375,0,1.0
2024-11-19,69.01,69.69,68.45,69.39,89360,0,1.0
2024-11-20,69.55,70.15,68.75,68.87,235637,0,1.0
2024-11-21,69.04,70.38,68.86,70.1,283850,0,1.0
2024-11-22,70.18,71.51,69.29,71.24,408207,0,1.0
2024-11-25,71.44,71.48,68.74,68.94,380922,0,1.0
2024-11-26,69.08,70.3,68.05,68.77,292138,0,1.0
2024-11-27,68.91,69.37,68.18,68.72,227215,0,1.0
2024-11-29,68.77,69.69,67.87,68.0,291408,0,1.0
2024-12-02,68.0,69.11,67.71,68.1,264883,0,1.0
2024-12-03,68.16,70.23,67.91,69.94,303752,0,1.0
2024-12-04,70.02,70.51,68.49,68.54,325636,0,1.0
2024-12-05,68.74,69.16,67.98,68.3,286701,0,1.0
2024-12-06,68.44,68.49,66.98,67.2,341593,0,1.0
2024-12-09,67.15,68.88,67.08,68.37,297085,0,1.0
2024-12-10,68.19,69.06,67.72,68.59,286003,0,1.0
2024-12-11,68.5,70.53,68.44,70.29,335892,0,1.0
2024-12-12,70.43,70.72,69.14,70.02,326046,0,1.0
2024-12-13,70.06,71.42,69.87,71.29,230429,0,1.0
2024-12-16,71.44,71.44,70.37,70.71,204296,0,1.0
2024-12-17,70.61,70.92,69.18,70.08,99604,0,1.0
2024-12-18,70.22,71.38,69.99,70.58,99386,0,1.0
2024-12-19,70.14,71.26,69.7,69.91,291660,0,1.0
2024-12-20,69.23,69.85,68.42,69.46,231592,0,1.0
2024-12-23,69.4,69.94,68.59,69.24,188843,0,1.0
2024-12-24,69.56,70.43,69.36,70.1,122602,0,1.0
2024-12-26,70.2,70.75,69.33,69.62,144877,0,1.0
2024-12-27,69.68,70.75,69.44,70.6,172641,0,1.0
2024-12-30,70.42,71.56,70.12,70.99,199296,0,1.0
2024-12-31,71.15,72.02,70.87,71.72,151155,0,1.0
2025-01-02,71.85,73.73,71.79,73.13,306498,0,1.0
2025-01-03,73.13,74.35,72.7,73.96,296040,0,1.0
2025-01-06,74.05,74.99,73.2,73.56,306042,0,1.0
2025-01-07,73.44,74.53,73.11,74.25,277328,0,1.0
2025-01-08,74.52,75.29,73.16,73.32,328617,0,1.0
2025-01-10,74.29,77.86,74.02,76.57,478432,0,1.0
2025-01-13,76.54,79.27,76.54,78.82,460942,0,1.0
2025-01-14,78.82,79.09,77.41,77.5,326729,0,1.0
2025-01-15,78.03,80.77,77.24,80.04,321422,0,1.0
2025-01-16,80.4,80.59,77.87,78.68,159948,0,1.0
2025-01-17,78.75,79.44,77.76,77.88,112409,0,1.0
2025-01-21,78.19,78.47,75.49,75.89,568807,0,1.0
2025-01-22,75.88,76.45,75.28,75.44,315333,0,1.0
2025-01-23,75.39,76.0,74.14,74.62,350688,0,1.0
2025-01-24,74.3,75.21,74.01,74.66,319679,0,1.0
2025-01-27,74.54,75.15,72.38,73.17,334418,0,1.0
2025-01-28,73.15,74.31,72.93,73.77,326075,0,1.0
2025-01-29,73.95,74.08,72.33,72.62,312733,0,1.0
2025-01-30,73.0,73.84,72.02,72.73,336475,0,1.0
2025-01-31,73.2,73.84,71.94,72.53,376335,0,1.0
2025-02-03,74.14,75.18,72.05,73.16,517853,0,1.0
2025-02-04,72.35,73.35,70.67,72.7,452961,0,1.0
2025-02-05,72.76,72.97,70.96,71.03,289902,0,1.0
2025-02-06,71.18,71.85,70.43,70.61,299037,0,1.0
2025-02-07,70.56,71.41,70.47,71.0,273766,0,1.0
2025-02-10,71.0,72.54,70.84,72.32,255941,0,1.0
2025-02-11,72.49,73.68,72.31,73.32,266819,0,1.0
2025-02-12,73.2,73.22,71.17,71.37,318123,0,1.0
2025-02-13,71.24,71.6,70.22,71.29,278197,0,1.0
2025-02-14,71.52,72.02,70.52,70.74,207719,0,1.0
2025-02-18,70.7,72.07,70.12,71.85,130937,0,1.0
2025-02-19,71.78,73.04,71.71,72.25,69012,0,1.0
2025-02-20,72.18,73.25,71.85,72.57,240060,0,1.0
2025-02-21,72.58,72.77,70.17,70.4,268470,0,1.0
2025-02-24,69.8,70.94,69.8,70.7,205468,0,1.0
2025-02-25,70.92,71.26,68.68,68.93,267310,0,1.0
2025-02-26,69.11,69.28,68.36,68.62,255601,0,1.0
2025-02-27,68.82,70.54,68.61,70.35,265933,0,1.0
2025-02-28,70.17,70.29,69.14,69.76,250074,0,1.0
2025-03-03,69.95,70.6,67.89,68.37,332751,0,1.0
2025-03-04,68.46,68.56,66.77,68.26,386750,0,1.0
2025-03-05,68.08,68.1,65.22,66.31,382493,0,1.0
2025-03-06,66.39,67.09,65.59,66.36,341632,0,1.0
2025-03-07,66.34,68.22,66.12,67.04,329710,0,1.0
2025-03-10,67.11,67.6,65.8,66.03,249633,0,1.0
2025-03-11,65.95,67.17,65.29,66.25,222511,0,1.0
2025-03-12,66.62,67.88,66.15,67.68,246675,0,1.0
2025-03-13,67.69,67.94,66.37,66.55,268590,0,1.0
2025-03-14,66.78,67.48,66.59,67.18,180495,0,1.0
2025-03-17,67.35,68.37,67.25,67.58,161298,0,1.0
2025-03-18,67.4,68.72,66.56,66.9,110338,0,1.0
2025-03-19,66.72,67.63,66.21,67.16,73077,0,1.0
2025-03-20,67.29,68.47,66.88,68.26,283376,0,1.0
2025-03-21,68.35,68.65,67.65,68.28,198964,0,1.0
2025-03-24,68.35,69.33,67.95,69.11,247024,0,1.0
2025-03-25,69.16,69.68,68.52,69.0,258411,0,1.0
2025-03-26,69.16,70.22,69.06,69.65,262413,0,1.0
2025-03-27,69.96,69.97,69.12,69.92,211825,0,1.0
2025-03-28,69.91,70.09,68.87,69.36,246650,0,1.0
2025-03-31,69.43,71.83,68.81,71.48,313087,0,1.0
2025-04-01,71.39,72.1,71.03,71.2,272832,0,1.0
2025-04-02,71.2,72.28,70.59,71.71,286501,0,1.0
2025-04-03,70.38,70.41,65.98,66.95,459238,0,1.0
2025-04-04,66.64,66.9,60.45,61.99,559638,0,1.0
2025-04-07,61.12,63.9,58.95,60.7,597617,0,1.0
2025-04-08,61.03,61.75,57.88,59.58,557655,0,1.0
2025-04-09,58.32,62.93,55.12,62.35,592250,0,1.0
2025-04-10,62.71,63.34,58.76,60.07,391826,0,1.0
2025-04-11,60.2,61.87,59.43,61.5,306231,0,1.0
2025-04-14,61.7,62.68,60.59,61.53,238068,0,1.0
2025-04-15,61.58,62.06,60.88,61.33,197404,0,1.0
2025-04-16,61.54,62.98,60.44,62.47,213194,0,1.0
2025-04-17,62.63,64.86,62.61,64.68,111479,0,1.0
2025-04-21,64.3,64.42,62.45,63.08,82671,0,1.0
2025-04-22,63.43,65.09,63.43,64.31,297928,0,1.0
2025-04-23,64.0,64.87,61.53,62.27,397841,0,1.0
2025-04-24,62.34,63.31,61.99,62.79,264908,0,1.0
2025-04-25,62.86,63.41,61.8,63.02,283758,0,1.0
2025-04-28,63.49,63.92,61.48,62.05,276116,0,1.0
2025-04-29,61.87,62.07,60.12,60.42,312373,0,1.0
2025-04-30,60.16,60.43,57.91,58.21,419549,0,1.0
2025-05-01,58.16,59.5,56.39,59.24,364216,0,1.0
2025-05-02,58.99,59.87,57.74,58.29,322096,0,1.0
2025-05-05,56.76,57.7,55.3,57.13,308387,0,1.0
2025-05-06,57.25,59.84,57.03,59.09,343893,0,1.0
2025-05-07,58.98,60.26,57.81,58.07,295238,0,1.0
2025-05-08,57.93,60.29,57.74,59.91,281000,0,1.0
2025-05-09,60.25,61.45,59.89,61.02,239640,0,1.0
2025-05-12,61.39,63.61,61.02,61.95,325865,0,1.0
2025-05-13,62.0,63.9,61.65,63.67,258795,0,1.0
2025-05-14,63.62,63.68,62.75,63.15,225626,0,1.0
2025-05-15,62.88,62.91,60.47,61.62,258404,0,1.0
2025-05-16,61.7,62.71,61.25,62.49,121556,0,1.0
2025-05-19,62.75,63.4,61.57,62.69,95570,0,1.0
2025-05-20,62.68,63.17,62.19,62.56,250414,0,1.0
2025-05-21,62.27,64.19,61.28,61.57,302702,0,1.0
2025-05-22,61.33,61.75,60.25,61.2,258549,0,1.0
2025-05-23,60.81,61.88,60.02,61.53,273392,0,1.0
2025-05-27,61.7,62.14,60.26,60.89,291317,0,1.0
2025-05-28,61.04,62.54,60.85,61.84,260374,0,1.0
2025-05-29,61.83,63.07,60.55,60.94,299859,0,1.0
2025-05-30,60.94,61.72,59.74,60.79,384927,0,1.0
2025-06-02,61.11,63.88,61.06,62.52,403580,0,1.0
2025-06-03,63.02,63.89,62.4,63.41,291260,0,1.0
2025-06-04,63.36,63.96,62.17,62.85,321128,0,1.0
2025-06-05,62.76,63.98,62.5,63.37,232423,0,1.0
2025-06-06,63.33,64.8,62.82,64.58,310133,0,1.0
2025-06-09,64.8,65.43,64.2,65.29,235900,0,1.0
2025-06-10,65.46,66.28,64.57,64.98,279021,0,1.0
2025-06-11,64.76,68.37,64.6,68.15,378473,0,1.0
2025-06-12,69.03,69.29,66.72,68.04,379394,0,1.0
2025-06-13,68.9,77.62,68.49,72.98,715652,0,1.0
2025-06-16,76.54,77.49,69.38,71.77,367312,0,1.0
2025-06-17,71.11,75.54,71.0,74.84,154264,0,1.0
2025-06-18,75.61,76.07,72.94,75.14,53489,0,1.0
2025-06-20,74.6,77.58,74.3,74.93,678377,0,1.0
2025-06-23,78.0,78.4,66.6,68.51,728868,0,1.0
2025-06-24,67.74,67.83,64.0,64.37,541475,0,1.0
2025-06-25,65.12,66.03,64.51,64.92,278504,0,1.0
2025-06-26,64.98,66.42,64.66,65.24,233771,0,1.0
2025-06-27,65.3,66.09,64.8,65.52,236284,0,1.0
2025-06-30,65.15,65.82,64.5,65.11,193289,0,1.0
2025-07-01,64.96,65.98,64.67,65.45,193162,0,1.0
2025-07-02,65.56,67.58,65.23,67.45,265200,0,1.0
2025-07-03,67.5,67.58,66.53,67.0,161383,0,1.0
2025-07-07,65.7,68.32,65.4,67.93,332949,0,1.0
2025-07-08,67.96,68.91,67.33,68.33,219882,0,1.0
2025-07-09,68.18,68.94,67.7,68.38,223945,0,1.0
2025-07-10,68.29,68.65,66.45,66.57,258654,0,1.0
2025-07-11,66.85,68.77,66.5,68.45,226297,0,1.0
2025-07-14,68.68,69.65,66.8,66.98,263877,0,1.0
2025-07-15,66.86,67.13,66.22,66.52,252724,0,1.0
2025-07-16,66.73,67.01,65.42,66.38,248346,0,1.0
2025-07-17,66.6,67.69,66.29,67.54,188802,0,1.0
2025-07-18,67.6,68.96,67.2,67.34,107628,0,1.0
2025-07-21,67.32,67.76,66.46,67.2,81194,0,1.0
2025-07-22,67.12,67.13,65.99,66.21,269991,0,1.0
2025-07-23,65.49,65.78,64.71,65.25,251825,0,1.0
2025-07-24,65.42,66.39,65.33,66.03,281209,0,1.0
2025-07-25,66.15,66.74,65.0,65.16,234283,0,1.0
2025-07-28,65.15,67.14,65.05,66.71,262038,0,1.0
2025-07-29,67.04,69.76,66.53,69.21,329112,0,1.0
2025-07-30,69.34,70.51,68.45,70.0,345336,0,1.0
2025-07-31,70.3,70.41,68.56,69.26,247031,0,1.0
2025-08-01,69.35,69.58,67.05,67.33,355819,0,1.0
2025-08-04,66.85,67.74,65.46,66.29,277375,0,1.0
2025-08-05,66.21,66.39,65.03,65.16,279030,0,1.0
2025-08-06,65.15,66.75,63.64,64.35,353827,0,1.0
2025-08-07,64.36,65.11,63.7,63.88,300518,0,1.0
2025-08-08,63.85,64.58,62.77,63.88,322939,0,1.0
2025-08-11,63.48,64.44,63.02,63.96,234807,0,1.0
2025-08-12,64.0,64.34,63.06,63.17,304441,0,1.0
2025-08-13,63.07,63.38,61.94,62.65,298939,0,1.0
2025-08-14,62.79,64.1,62.58,63.96,251652,0,1.0
2025-08-15,63.91,64.15,62.68,62.8,197390,0,1.0
2025-08-18,63.0,63.79,62.18,63.42,95113,0,1.0
2025-08-19,63.27,63.39,62.25,62.35,99484,0,1.0
2025-08-20,62.6,63.55,62.39,63.21,280663,0,1.0
2025-08-21,62.85,63.67,62.52,63.52,250166,0,1.0
2025-08-22,63.5,63.93,63.31,63.66,223169,0,1.0
2025-08-25,63.88,65.1,63.53,64.8,185270,0,1.0
2025-08-26,64.75,64.76,63.13,63.25,199101,0,1.0
2025-08-27,63.31,64.23,62.95,64.15,193476,0,1.0
2025-08-28,63.87,64.7,63.35,64.6,208931,0,1.0
2025-08-29,64.26,64.55,63.88,64.01,156889,0,1.0
2025-09-02,63.95,66.03,63.66,65.59,320218,0,1.0
2025-09-03,65.62,65.72,63.72,63.97,298737,0,1.0
2025-09-04,63.82,63.84,62.72,63.48,251689,0,1.0
2025-09-05,63.33,63.49,61.45,61.87,294540,0,1.0
2025-09-08,62.0,63.34,61.85,62.26,237288,0,1.0
2025-09-09,62.43,63.67,62.37,62.63,268529,0,1.0
2025-09-10,62.74,64.08,62.72,63.67,260684,0,1.0
2025-09-11,63.8,63.8,62.21,62.37,222661,0,1.0
2025-09-12,62.27,63.98,61.69,62.69,313265,0,1.0
2025-09-15,62.97,63.67,62.52,63.3,205560,0,1.0
2025-09-16,63.31,64.76,62.89,64.52,234250,0,1.0
2025-09-17,64.59,64.67,63.69,64.05,165427,0,1.0
2025-09-18,63.99,64.55,63.33,63.57,82321,0,1.0
2025-09-19,63.59,63.65,62.6,62.68,87165,0,1.0
2025-09-22,62.74,63.18,61.98,62.64,223779,0,1.0
2025-09-23,62.33,63.89,61.85,63.41,265948,0,1.0
2025-09-24,63.64,65.05,63.25,64.99,282721,0,1.0
2025-09-25,64.8,65.34,64.06,64.98,258353,0,1.0
2025-09-26,65.2,66.42,64.66,65.72,284990,0,1.0
2025-09-29,65.07,65.4,62.98,63.45,294292,0,1.0
2025-09-30,63.14,63.26,62.03,62.37,271649,0,1.0
2025-10-01,62.46,62.89,61.4,61.78,274339,0,1.0
2025-10-02,61.78,62.54,60.4,60.48,290507,0,1.0
2025-10-03,60.7,61.38,60.55,60.88,240044,0,1.0
2025-10-06,61.14,62.12,61.04,61.69,224682,0,1.0
2025-10-07,61.73,62.11,60.72,61.73,245121,0,1.0
2025-10-08,62.05,62.92,62.05,62.55,273318,0,1.0
2025-10-09,62.31,62.87,61.25,61.51,259171,0,1.0
2025-10-10,61.49,61.67,58.22,58.9,339103,0,1.0
2025-10-13,59.0,60.17,59.0,59.49,339103,0,1.0
2025-10-14,59.58,59.82,57.68,58.7,259200,0,1.0
2025-10-15,58.6,59.42,58.2,58.27,224919,0,1.0
2025-10-16,58.77,59.11,57.26,57.46,203866,0,1.0
2025-10-17,57.5,57.72,56.6,57.54,108748,0,1.0
2025-10-20,57.73,57.81,56.35,57.52,108146,0,1.0
2025-10-21,57.37,58.28,56.99,57.82,314207,0,1.0
2025-10-22,57.59,59.83,57.34,58.5,378637,0,1.0
2025-10-23,59.94,62.2,59.64,61.79,735186,0,1.0
2025-10-24,61.79,62.59,61.21,61.5,373744,0,1.0
2025-10-27,61.82,62.17,60.67,61.31,272191,0,1.0
2025-10-28,61.5,61.5,59.76,60.15,307568,0,1.0
2025-10-29,60.18,61.02,59.7,60.48,276875,0,1.0
2025-10-30,60.39,60.79,59.64,60.57,247917,0,1.0
2025-10-31,60.3,61.38,59.99,60.98,278598,0,1.0
2025-11-03,61.4,61.5,60.51,61.05,201724,0,1.0
2025-11-04,61.03,61.03,59.94,60.56,219300,0,1.0
2025-11-05,60.43,61.09,59.52,59.6,292518,0,1.0
2025-11-06,59.68,60.51,58.83,59.43,277768,0,1.0
2025-11-07,59.65,60.46,59.32,59.75,259446,0,1.0
2025-11-10,59.87,60.48,59.41,60.13,222879,0,1.0
2025-11-11,60.07,61.28,59.66,61.04,264427,0,1.0
2025-11-12,61.05,61.06,58.3,58.49,329517,0,1.0
2025-11-13,58.47,59.21,58.12,58.69,247349,0,1.0
2025-11-14,58.71,60.65,58.71,60.09,334116,0,1.0
2025-11-17,59.8,60.44,59.32,59.91,189638,0,1.0
2025-11-18,59.74,60.93,59.31,60.74,105325,0,1.0
2025-11-19,60.62,60.79,58.77,59.44,79622,0,1.0
2025-11-20,59.63,60.33,58.86,59.14,324282,0,1.0
2025-11-21,58.8,58.8,57.38,58.06,345014,0,1.0
2025-11-24,58.05,59.06,57.42,58.84,238138,0,1.0
2025-11-25,58.89,58.96,57.1,57.95,334442,0,1.0
2025-11-26,58.05,58.72,57.66,58.65,228285,0,1.0
2025-11-28,58.58,59.64,58.27,58.55,153758,0,1.0
2025-12-01,58.96,59.97,58.83,59.32,232770,0,1.0
2025-12-02,59.52,59.67,58.28,58.64,255513,0,1.0
2025-12-03,58.65,59.64,58.37,58.95,260974,0,1.0
2025-12-04,59.09,60.02,58.81,59.67,264993,0,1.0
2025-12-05,59.7,60.5,59.42,60.08,255075,0,1.0
2025-12-08,60.15,60.3,58.68,58.88,263009,0,1.0
2025-12-09,58.87,59.17,58.12,58.25,260206,0,1.0
2025-12-10,58.37,59.05,57.66,58.46,256508,0,1.0
2025-12-11,58.91,58.94,57.01,57.6,286808,0,1.0
2025-12-12,57.89,58.19,57.15,57.44,212806,0,1.0
2025-12-15,57.5,57.8,56.4,56.82,229310,0,1.0
2025-12-16,56.68,56.7,54.98,55.27,230933,0,1.0
2025-12-17,55.23,56.98,55.2,55.94,125608,0,1.0
2025-12-18,56.9,57.03,55.88,56.15,85735,0,1.0
2025-12-19,56.03,56.9,55.82,56.66,209264,0,1.0
2025-12-22,56.63,58.13,56.6,58.01,221576,0,1.0
2025-12-23,57.95,58.56,57.74,58.38,183633,0,1.0
2025-12-24,58.47,58.75,58.13,58.35,111762,0,1.0
2025-12-26,58.35,58.88,56.65,56.74,166669,0,1.0
2025-12-29,57.04,58.3,56.91,58.08,178590,0,1.0
2025-12-30,57.81,58.47,57.6,57.95,143802,0,1.0
2025-12-31,57.95,58.55,57.2,57.42,157160,0,1.0
2026-01-02,57.41,57.93,56.6,57.32,189503,0,1.0
2026-01-05,57.47,58.51,56.31,58.32,301483,0,1.0
2026-01-06,58.34,58.87,56.84,57.13,292067,0,1.0
2026-01-07,57.0,57.17,55.76,55.99,383128,0,1.0
2026-01-08,56.42,58.74,55.97,57.76,334134,0,1.0
2026-01-09,58.4,59.77,57.61,59.12,360309,0,1.0
2026-01-12,59.0,59.91,58.45,59.5,309700,0,1.0
2026-01-13,59.95,61.5,59.47,61.15,411190,0,1.0
2026-01-14,61.12,62.36,59.19,62.02,410261,0,1.0
2026-01-15,61.06,61.14,58.88,59.19,113642,0,1.0
2026-01-16,59.26,60.18,58.94,59.44,113794,0,1.0
2026-01-20,59.01,60.68,58.7,60.34,499595,0,1.0
2026-01-21,59.57,60.89,59.22,60.62,333062,0,1.0
2026-01-22,60.68,60.82,58.96,59.36,324349,0,1.0
2026-01-23,59.66,61.36,59.52,61.07,283419,0,1.0
2026-01-26,61.22,61.71,60.32,60.63,281062,0,1.0
2026-01-27,60.78,62.63,60.14,62.39,360208,0,1.0
2026-01-28,62.58,63.57,62.07,63.21,354864,0,1.0
2026-01-29,63.5,66.48,63.28,65.42,560007,0,1.0
2026-01-30,65.52,66.11,63.64,65.21,449325,0,1.0
2026-02-02,64.72,64.74,61.39,62.14,414083,0,1.0
2026-02-03,62.28,64.21,61.12,63.21,381144,0,1.0
2026-02-04,63.8,65.53,62.86,65.14,446588,0,1.0
2026-02-05,64.49,64.67,62.65,63.29,446588,0,1.0
